Station Name,CRS Code,Post Code
London,London,
Abbey Wood,ABW,SE2 9QG
Aber,ABE,CF83 1BR
Abercynon,ACY,CF45 4EW
Aberdare,ABA,CF44 7EA
Aberdeen,ABD,AB11 6RT
Aberdour,AUR,KY3 0TQ
Aberdovey,AVY,LL35 0RT
Abererch,ABH,LL53 6PJ
Abergavenny,AGV,NP7 5HY
Abergele & Pensarn,AGL,LL22 7SD
Aberystwyth,AYW,SY23 1LH
Accrington,ACR,BB5 0AA
Achanalt,AAT,IV23 2QD
Achnasheen,ACN,IV22 2EE
Achnashellach,ACH,IV54 8YU
Acklington,ACK,NE65 9BT
Acle,ACL,NR13 3BZ
Acocks Green,ACG,B27 6EB
Acton Bridge (Cheshire),ACB,CW8 2RE
Acton Central,ACC,W3 6BH
Acton Main Line,AML,W3 9EH
Adderley Park,ADD,B8 1BY
Addiewell,ADW,EH55 8NQ
Addlestone,ASN,KT15 2PB
Adisham,ADM,CT3 3JE
Adlington (Cheshire),ADC,SK10 4NE
Adlington (Lancs),ADL,PR7 4HB
Adwick,AWK,DN6 7AQ
Aigburth,AIG,L17 6AQ
Ainsdale,ANS,PR8 3JP
Aintree,AIN,L9 5BE
Airbles,AIR,ML1 2SX
Airdrie,ADR,ML6 0AN
Albany Park,AYP,DA5 3HJ
Albrighton,ALB,WV7 3EA
Alderley Edge,ALD,SK9 7QZ
Aldermaston,AMT,RG7 4JJ
Aldershot,AHT,GU11 1HN
Aldrington,AGT,BN3 5EZ
Alexandra Palace,AAP,N22 7SS
Alexandra Parade,AXP,G31 3JN
Alexandria,ALX,G82 4ND
Alfreton,ALF,DE55 7JR
Allens West,ALW,TS16 0PF
Alloa,ALO,FK10 1BA
Alness,ASS,IV17 0SE
Alnmouth,ALM,NE66 3QF
Alresford (Essex),ALR,CO7 8AN
Alsager,ASG,ST7 2PN
Althorne (Essex),ALN,CM3 6DG
Althorpe,ALP,DN17 3HL
Altnabreac,ABC,KW12 6UR
Alton,AON,GU34 2PY
Altrincham,ALT,WA14 1EN
Alvechurch,ALV,B48 7SE
Ambergate,AMB,DE56 2EN
Amberley,AMY,BN18 9LR
Amersham,AMR,HP6 5DW
Ammanford,AMF,SA18 2DD
Ancaster,ANC,NG32 3QU
Anderston,AND,G3 8RR
Andover,ADV,SP10 3HW
Anerley,ANZ,SE20 8PY
Angel Road,AGR,#N/A
Angmering,ANG,BN16 3RE
Annan,ANN,DG12 6AX
Anniesland,ANL,G13 1HX
Ansdell & Fairhaven,AFV,FY8 1AE
Apperley Bridge,APY,BD10 0FD
Appleby,APP,CA16 6TT
Appledore (Kent),APD,TN26 2DG
Appleford,APF,OX14 4NT
Appley Bridge,APB,WN6 9AE
Apsley,APS,HP3 9SX
Arbroath,ARB,DD11 3AE
Ardgay,ARD,IV24 3DR
Ardlui,AUI,G83 7EB
Ardrossan Harbour,ADS,KA22 8ED
Ardrossan South Beach,ASB,KA22 8AG
Ardrossan Town,ADN,KA22 8DD
Ardwick,ADK,M12 6JT
Argyle Street,AGS,G1 5HB
Arisaig,ARG,PH39 4NX
Arlesey,ARL,SG15 6XA
Armadale (West Lothian),ARM,EH48 3LP
Armathwaite,AWT,CA4 9PW
Arnside,ARN,LA5 0HG
Arram,ARR,HU17 7NS
Arrochar & Tarbet,ART,G83 7DA
Arundel,ARU,BN18 9PH
Ascot (Berks),ACT,SL5 9DW
Ascott-under-Wychwood,AUW,OX7 6AJ
Ash,ASH,GU12 6AZ
Ash Vale,AHV,GU12 5NJ
Ashburys,ABY,M12 5BX
Ashchurch for Tewkesbury,ASC,GL20 8JU
Ashfield,ASF,G22 6EZ
Ashford (Surrey),AFS,TW15 2QN
Ashford International,AFK,TN23 1EZ
Ashford International (Eurostar),ASI,TN23 1EZ
Ashley,ASY,WA14 3QD
Ashtead,AHD,KT21 2DR
Ashton-under-Lyne,AHN,OL6 6JP
Ashurst (Kent),AHS,TN3 9TL
Ashurst New Forest,ANF,SO40 7AA
Ashwell & Morden,AWM,SG7 5RT
Askam,ASK,LA16 7AL
Aslockton,ALK,NG13 9BE
Aspatria,ASP,CA7 2AR
Aspley Guise,APG,MK17 8HY
Aston,AST,B6 7LS
Atherstone,ATH,CV9 1BH
Atherton,ATN,M46 9LF
Attadale,ATT,IV54 8YX
Attenborough,ATB,NG9 5JL
Attleborough,ATL,NR17 2AS
Auchinleck,AUK,KA18 2AZ
Audley End,AUD,CB11 4LB
Aughton Park,AUG,L39 5QE
Aviemore,AVM,PH22 1PY
Avoncliff,AVF,BA15 2HA
Avonmouth,AVN,BS11 9JB
Axminster,AXM,EX13 5PJ
Aylesbury,AYS,HP20 1RU
Aylesbury Vale Parkway,AVP,HP18 0PS
Aylesford,AYL,ME20 7JL
Aylesham,AYH,CT3 3BD
Ayr,AYR,KA7 3AU
Bache,BAC,CH2 2JF
Baglan,BAJ,SA12 7PA
Bagshot,BAG,GU19 5LX
Baildon,BLD,BD17 6EU
Baillieston,BIO,G69 7DH
Balcombe,BAB,RH17 6JQ
Baldock,BDK,SG7 5DG
Balham,BAL,SW12 9SJ
Balloch,BHC,G83 0UN
Balmossie,BSI,DD5 4QE
Bamber Bridge,BMB,PR5 6TY
Bamford,BAM,S33 0BN
Banavie,BNV,PH33 7PH
Banbury,BAN,OX16 5AD
Bangor (Gwynedd),BNG,LL57 1LZ
Bank Hall,BAH,L20 2AE
Banstead,BAD,SM7 1PZ
Barassie,BSS,KA10 6SS
Barbican,ZBB,EC1A 4JA
Bardon Mill,BLL,NE47 7HY
Bare Lane,BAR,LA4 6RN
Bargeddie,BGI,G69 7SB
Bargoed,BGD,CF81 9AL
Barking,BKG,IG11 8EA
Barlaston,BRT,ST12 9DZ
Barming,BMG,ME16 9NS
Barmouth,BRM,LL42 1LS
Barnehurst,BNH,DA7 6HQ
Barnes,BNS,SW13 0HT
Barnes Bridge,BNI,SW13 0AQ
Barnetby,BTB,DN38 6DG
Barnham,BAA,PO22 0JD
Barnhill,BNL,G21 4NA
Barnsley,BNY,S70 1SD
Barnstaple,BNP,EX31 2BP
Barnt Green,BTG,B45 8JZ
Barrhead,BRR,G78 1GG
Barrhill,BRL,KA26 0QF
Barrow Haven,BAV,DN19 7ET
Barrow-in-Furness,BIF,LA14 5AE
Barrow-Upon-Soar,BWS,LE12 8XE
Barry,BRY,CF62 7AE
Barry Docks,BYD,CF63 4JP
Barry Island,BYI,CF62 5TH
Barry Links,BYL,DD7 7RZ
Barton-on-Humber,BAU,DN18 5JR
Basildon,BSO,SS16 5XX
Basingstoke,BSK,RG21 5NE
Bat & Ball,BBL,TN13 3ST
Bath Spa,BTH,BA1 1SX
Bathgate,BHG,EH48 1NU
Batley,BTL,WF17 5TA
Battersby,BTT,TS9 6LS
Battersea Park,BAK,SW8 4ND
Battle,BAT,TN33 0DE
Battlesbridge,BLB,SS11 7RJ
Bayford,BAY,SG13 8PL
Beaconsfield,BCF,HP9 2PJ
Bearley,BER,B95 6DR
Bearsden,BRN,G61 4AN
Bearsted,BSD,ME14 4PH
Beasdale,BSL,PH39 4NR
Beaulieu Road,BEU,SO42 7YQ
Beauly,BEL,IV4 7EP
Bebington,BEB,CH62 5HR
Beccles,BCC,NR34 9QW
Beckenham Hill,BEC,SE6 3RE
Beckenham Junction,BKJ,BR3 1HY
Bedford,BDM,MK40 1DS
Bedford St Johns,BSJ,MK42 9ER
Bedhampton,BDH,PO9 1LL
Bedminster,BMT,BS3 4LU
Bedworth,BEH,CV12 8JF
Bedwyn,BDW,SN8 3NZ
Beeston,BEE,NG9 1JH
Bekesbourne,BKS,CT4 5EF
Belle Vue,BLV,M18 7BR
Bellgrove,BLG,G31 1AD
Bellingham,BGM,SE6 3BX
Bellshill,BLH,ML4 1RH
Belmont,BLM,SM2 6BW
Belper,BLP,DE56 1FX
Beltring,BEG,ME18 6BZ
Belvedere,BVD,DA17 6JW
Bempton,BEM,YO15 1HN
Ben Rhydding,BEY,LS29 8PL
Benfleet,BEF,SS7 1NF
Bentham,BEN,LA2 7LJ
Bentley (Hants),BTY,GU10 5LB
Bentley (South Yorks),BYK,DN5 0BE
Bere Alston,BAS,PL20 7ER
Bere Ferrers,BFE,PL20 7LT
Berkhamsted,BKM,HP4 2JU
Berkswell,BKW,CV7 7EF
Bermuda Park,BEP,CV10 7JS
Berney Arms,BYA,NR30 1SB
Berry Brow,BBW,HD4 7LX
Berrylands,BRS,KT5 8LT
Berwick (Sussex),BRK,BN26 6TA
Berwick-upon-Tweed,BWK,TD15 1NF
Bescar Lane,BES,L40 9QP
Bescot Stadium,BSC,WS1 4NH
Betchworth,BTO,RH3 7BZ
Bethnal Green,BET,E1 5RE
Betws-y-Coed,BYC,LL24 0AE
Beverley,BEV,HU17 0AS
Bexhill,BEX,TN38 8AB
Bexley,BXY,DA5 1AQ
Bexleyheath,BXH,DA7 4AA
Bicester North,BCS,OX26 6EF
Bicester Village,BIT,OX26 6HU
Bickley,BKL,BR1 2BX
Bidston,BID,CH43 7RF
Biggleswade,BIW,SG18 8AN
Bilbrook,BBK,WV8 1HT
Billericay,BIC,CM12 9ED
Billingham (Cleveland),BIL,TS23 4AU
Billingshurst,BIG,RH14 9SP
Bingham,BIN,NG13 8TF
Bingley,BIY,BD16 2NA
Birchgrove,BCG,CF14 4SY
Birchington-on-sea,BCH,CT7 9HY
Birchwood,BWD,WA3 7PU
Birkbeck,BIK,SE20 7YA
Birkdale,BDL,PR8 4AF
Birkenhead Central,BKC,CH41 9DB
Birkenhead Hamilton Square,BKQ,CH41 1AL
Birkenhead North,BKN,CH41 7AY
Birkenhead Park,BKP,CH41 8AT
Birmingham International,BHI,B40 1PA
Birmingham Moor Street,BMO,B4 7UL
Birmingham New Street,BHM,B2 4QA
Birmingham Snow Hill,BSW,B3 2DX
Bishop Auckland,BIA,DL14 6AB
Bishopbriggs,BBG,G64 2RD
Bishops Stortford,BIS,CM23 5NF
Bishopstone (Sussex),BIP,BN25 2QP
Bishopton (Strathclyde),BPT,PA7 5AA
Bitterne,BTE,SO18 1GG
Blackburn,BBN,BB1 1EY
Blackheath,BKH,SE3 9LG
Blackhorse Road,BHO,E17 6JJ
Blackpool North,BPN,FY1 2AB
Blackpool Pleasure Beach,BPB,FY4 1LD
Blackpool South,BPS,FY4 1DW
Blackridge,BKR,EH48 3BW
Blackrod,BLK,BL6 5JE
Blackwater,BAW,GU17 9AF
Blaenau Ffestiniog,BFF,LL41 3HE
Blair Atholl,BLA,PH18 5SG
Blairhill,BAI,ML5 2EW
Blake Street,BKT,B74 4YD
Blakedown,BKD,DY10 3JL
Blantyre,BLT,G72 9BG
Blaydon,BLO,NE21 5BS
Bleasby,BSB,NG14 7GD
Bletchley,BLY,MK3 6DS
Bloxwich,BLX,WS3 2LF
Bloxwich North,BWN,WS3 2UB
Blundellsands & Crosby,BLN,L23 8TJ
Blythe Bridge,BYB,ST11 9JR
Bodmin Parkway,BOD,PL30 4BB
Bodorgan,BOR,LL62 5BL
Bognor Regis,BOG,PO21 1BS
Bogston,BGS,PA15 2TN
Bolton,BON,BL3 6DD
Bolton-Upon-Dearne,BTD,S63 8JB
Bookham,BKA,KT23 3JG
Bootle (Cumbria),BOC,LA19 5XB
Bootle New Strand,BNW,L20 4BA
Bootle Oriel Road,BOT,L20 7AD
Bordesley,BBS,B11 1AX
Borough Green & Wrotham,BRG,TN15 8AJ
Borth,BRH,SY24 5HT
Bosham,BOH,PO18 8NH
Boston,BSN,PE21 8RN
Botley,BOE,SO30 2DN
Bottesford,BTF,NG13 0DN
Bourne End,BNE,SL8 5YP
Bournemouth,BMH,BH8 8AP
Bournville,BRV,B30 2LT
Bow Brickhill,BWB,MK17 9JN
Bowes Park,BOP,N11 2QR
Bowling,BWG,G60 5BL
Box Hill & Westhumble,BXW,RH5 6BT
Bracknell,BCE,RG12 1HX
Bradford Forster Square,BDQ,BD1 4HY
Bradford Interchange,BDI,BD1 1JY
Bradford-on-Avon,BOA,BA15 1DQ
Brading,BDN,PO36 0EB
Braintree,BTR,CM7 3FW
Braintree Freeport,BTP,CM7 8YH
Bramhall,BML,SK7 2DY
Bramley (Hants),BMY,RG26 5DZ
Bramley (W Yorks),BLE,LS13 4DS
Brampton (Cumbria),BMP,CA8 1HW
Brampton (Suffolk),BRP,NR34 8EF
Branchton,BCN,PA16 0YB
Brandon,BND,IP27 0BA
Branksome,BSM,BH12 1DF
Braystones (Cumbria),BYS,CA21 2YW
Bredbury,BDY,SK6 2AG
Breich,BRC,EH55 8JH
Brentford,BFD,TW8 8DT
Brentwood,BRE,CM14 4EW
Bricket Wood,BWO,AL2 3PQ
Bridge of Allan,BEA,FK9 4NA
Bridge of Orchy,BRO,PA36 4AD
Bridgend,BGN,CF31 1BB
Bridgeton,BDG,AB33 8NT
Bridgwater,BWT,TA6 5HB
Bridlington,BDT,YO16 4LZ
Brierfield,BRF,BB9 5PG
Brigg,BGG,DN20 8HX
Brighouse,BGH,HD6 1HF
Brighton (East Sussex),BTN,BN1 3ZE
Brimsdown,BMD,EN3 7JL
Brinnington,BNT,SK5 8JG
Bristol Parkway,BPW,BS34 8PU
Bristol Temple Meads,BRI,BS1 6QG
Brithdir,BHD,NP24 6XY
Briton Ferry,BNF,SA11 2PB
Brixton,BRX,SW9 8JW
Broad Green,BGE,L14 3NG
Broadbottom,BDB,SK14 3LH
Broadstairs,BSR,CT10 2AJ
Brockenhurst,BCU,SO42 7TW
Brockholes,BHS,HD7 7BG
Brockley,BCY,SE4 2RW
Bromborough,BOM,CH63 0JR
Bromborough Rake,BMR,CH62 7AR
Bromley Cross (Lancs),BMC,BL2 3AD
Bromley North,BMN,BR1 3JH
Bromley South,BMS,BR1 1NX
Bromsgrove,BMV,B60 2DZ
Brondesbury,BSY,NW6 7QB
Brondesbury Park,BSP,NW6 6RP
Brookmans Park,BPK,AL9 7SS
Brookwood,BKO,GU24 0EU
Broome,BME,SY7 0NT
Broomfleet,BMF,HU15 1RQ
Brora,BRA,KW9 6QU
Brough,BUH,HU15 1EB
Broughty Ferry,BYF,DD5 2AE
Broxbourne,BXB,EN10 7AW
Bruce Grove,BCV,N17 6QX
Brundall,BDA,NR13 5PJ
Brundall Gardens,BGA,NR13 5RG
Brunstane,BSU,EH15 2NQ
Brunswick,BRW,L8 6XP
Bruton,BRU,BA10 0DX
Bryn,BYN,WN4 0AS
Buckenham (Norfolk),BUC,NR13 4HW
Buckley,BCK,CH7 3AY
Bucknell,BUK,SY7 0AD
Buckshaw Parkway,BSV,PR7 7EY
Bugle,BGL,PL26 8QG
Builth Road,BHR,LD2 3PY
Bulwell,BLW,NG7 7EF
Bures,BUE,CO8 5DQ
Burgess Hill,BUG,RH15 0AA
Burley Park,BUY,LS4 2LX
Burley-in-Wharfedale,BUW,LS29 7AA
Burnage,BNA,M20 6FH
Burneside (Cumbria),BUD,LA9 6QZ
Burnham (Bucks),BNM,SL1 6JT
Burnham-on-Crouch,BUU,CM0 8DG
Burnley Barracks,BUB,BB12 0LX
Burnley Central,BNC,BB11 1DA
Burnley Manchester Road,BYM,BB11 4HY
Burnside (Strathclyde),BUI,G73 3UE
Burntisland,BTS,KY3 9DU
Burscough Bridge,BCB,L40 0TQ
Burscough Junction,BCJ,L40 5XF
Bursledon,BUO,SO31 8AA
Burton Joyce,BUJ,NG14 5AP
Burton-on-Trent,BUT,DE14 2DJ
Bury St Edmunds,BSE,IP32 6AL
Busby,BUS,G76 8HY
Bush Hill Park,BHK,EN1 1BA
Bushey,BSH,WD1 4EA
Butlers Lane,BUL,B74 4RT
Buxted,BXD,TN22 4LA
Buxton,BUX,SK17 6AQ
Byfleet & New Haw,BFN,KT15 3LQ
Bynea,BYE,SA14 9TL
Cadoxton,CAD,CF64 4TX
Caergwrle,CGW,LL12 9DU
Caerphilly,CPH,CF83 1HE
Caersws,CWS,SY17 5HH
Caldercruix,CAC,ML6 7RJ
Caldicot,CDT,NP26 4FJ
Caledonian Rd & Barnsbury,CIR,N7 8XH
Calstock,CSK,PL18 9SL
Cam & Dursley,CDU,GL11 5DW
Camberley,CAM,GU15 3RR
Camborne,CBN,TR14 7RF
Cambridge,CBG,CB1 2JW
Cambridge Heath,CBH,E2 9HA
Cambuslang,CBL,G72 8AT
Camden Road,CMD,NW1 9LY
Camelon,CMO,FK2 7YP
Canada Water,ZCW,SE16 6QE
Canley,CNL,CV5 6RA
Cannock,CAO,WS11 8NQ
Canonbury,CNN,N1 2PG
Canterbury East,CBE,CT1 2RB
Canterbury West,CBW,CT2 7ER
Cantley,CNY,NR13 3SP
Capenhurst,CPU,CH1 6ER
Carbis Bay,CBB,TR26 2LN
Cardenden,CDD,KY5 0BS
Cardiff Bay,CDB,CF10 5LE
Cardiff Central,CDF,CF10 1RH
Cardiff Queen Street,CDQ,CF10 2FY
Cardonald,CDO,G52 2DA
Cardross,CDR,G82 5NL
Carfin,CRF,ML1 5AX
Cark & Cartmel,CAK,LA11 7PT
Carlisle,CAR,CA2 5AF
Carlton,CTO,NG4 2FD
Carluke,CLU,ML8 5DF
Carmarthen,CMN,SA31 2BG
Carmyle,CML,G32 8JU
Carnforth,CNF,LA5 9ET
Carnoustie,CAN,DD7 6AR
Carntyne,CAY,G32 6AS
Carpenders Park,CPK,WD1 6DT
Carrbridge,CAG,PH23 3AZ
Carshalton,CSH,SM5 2HW
Carshalton Beeches,CSB,SM5 3RF
Carstairs,CRS,ML11 8PP
Cartsdyke,CDY,PA15 2TH
Castle Bar Park,CBP,W7 1BA
Castle Cary,CLC,BA7 7PE
Castleford,CFD,WF10 1DZ
Castleton (Manchester),CAS,OL11 3EE
Castleton Moor,CSM,YO21 2EZ
Caterham,CAT,CR3 6GR
Catford,CTF,SE6 4RH
Catford Bridge,CFB,SE6 4PZ
Cathays,CYS,CF10 3LU
Cathcart,CCT,G44 4ED
Cattal,CTL,YO26 8DS
Causeland,CAU,PL14 4RW
Cefn-y-Bedd,CYB,LL12 9UU
Chadwell Heath,CTH,RM8 1TE
Chafford Hundred Lakeside,CFH,RM16 6QQ
Chalfont & Latimer,CFO,HP7 9PR
Chalkwell,CHW,SS0 8PX
Chandlers Ford,CFR,SO53 4DE
Chapel-en-le-Frith,CEF,SK23 9UJ
Chapelton (Devon),CPN,EX37 9DZ
Chapeltown (South Yorks),CLN,S35 2UN
Chappel & Wakes Colne,CWC,CO6 2DS
Charing (Kent),CHG,TN27 0HZ
Charing Cross (Glasgow),CHC,G2 4PR
Charlbury,CBY,OX7 3HH
Charlton,CTN,SE7 7QG
Chartham,CRT,CT4 7HU
Chassen Road,CSR,M41 9DU
Chatelherault,CTE,ML3 7UD
Chatham,CTM,ME4 6PN
Chathill,CHT,NE67 5DF
Cheadle Hulme,CHU,SK8 5AQ
Cheam,CHE,SM3 8RZ
Cheddington,CED,LU7 0SQ
Chelford (Cheshire),CEL,SK11 9BU
Chelmsford,CHM,CM1 1AS
Chelsfield,CLD,BR6 6EU
Cheltenham Spa,CNM,GL51 8NP
Chepstow,CPW,NP16 5PD
Cherry Tree,CYT,BB2 4SH
Chertsey,CHY,KT16 9BH
Cheshunt,CHN,EN8 9AQ
Chessington North,CSN,KT9 1QL
Chessington South,CSS,KT9 2JR
Chester,CTR,CH1 3AH
Chester Road,CRD,B73 5JS
Chesterfield,CHD,S41 7UB
Chester-le-Street,CLS,DH2 2DF
Chestfield & Swalecliffe,CSW,CT5 3JB
Chetnole,CNO,DT9 6PJ
Chichester,CCH,PO19 2DL
Chilham,CIL,CT4 8EG
Chilworth,CHL,GU4 8QW
Chingford,CHI,E4 6AL
Chinley,CLY,SK23 6AZ
Chippenham,CPM,SN15 3QE
Chipstead,CHP,CR5 3TD
Chirk,CRK,LL14 5LU
Chislehurst,CIT,BR7 5NR
Chiswick,CHK,W4 3HF
Cholsey,CHO,OX10 9LN
Chorley,CRL,PR6 0RG
Chorleywood,CLW,WD3 5ND
Christchurch,CHR,BH23 2AB
Christs Hospital,CHH,RH13 7NE
Church & Oswaldtwistle,CTW,BB5 0EG
Church Fenton,CHF,LS24 9QX
Church Stretton,CTT,SY6 6PG
Cilmeri,CIM,LD2 3NU
City Thameslink,CTK,EC4M 7NR
Clacton-on-Sea,CLT,CO15 6PZ
Clandon,CLA,GU4 7UB
Clapham (North Yorkshire),CPY,LA2 8HN
Clapham High Street,CLP,SW4 6DF
Clapham Junction,CLJ,SW11 2HT
Clapton,CPT,E5 9RD
Clarbeston Road,CLR,SA63 4UW
Clarkston,CKS,G76 7BN
Claverdon,CLV,CV35 8PQ
Claygate,CLG,KT10 0PB
Cleethorpes,CLE,DN35 8AX
Cleland,CEA,ML1 5RR
Clifton (Manchester),CLI,M27 8LN
Clifton Down,CFN,BS8 2PN
Clitheroe,CLH,BB7 2JG
Clock House,CLK,BR3 4PT
Clunderwen,CUW,SA66 7NG
Clydebank,CYK,G81 1RT
Coatbridge Central,CBC,ML5 1QQ
Coatbridge Sunnyside,CBS,ML5 3HR
Coatdyke,COA,ML5 3PY
Cobham & Stoke d'Abernon,CSD,KT11 3BT
Codsall,CSL,WV8 2EH
Cogan,CGN,CF64 2NS
Colchester,COL,CO1 1XD
Colchester Town,CET,CO2 7EF
Coleshill Parkway,CEH,B46 1DA
Collingham,CLM,NG23 7RB
Collington,CLL,TN39 3DQ
Colne,CNE,BB8 9NP
Colwall,CWL,WR13 6QH
Colwyn Bay,CWB,LL29 8DF
Combe (Oxon),CME,OX8 8ET
Commondale,COM,YO21 2HN
Congleton,CNG,CW12 3LF
Conisbrough,CNS,NG8 2TT
Connel Ferry,CON,PA37 1PB
Conon Bridge,CBD,IV7 8AA
Cononley,CEY,BD20 8LS
Conway Park,CNP,CH41 3RU
Conwy,CNW,LL32 8AF
Cooden Beach,COB,TN39 4TT
Cookham,COO,SL6 9BP
Cooksbridge,CBR,BN8 4SW
Coombe Junction Halt,COE,PL14 4YH
Copplestone,COP,EX17 5NF
Corbridge,CRB,NE45 5AZ
Corby,COR,NN17 1UJ
Corkerhill,CKH,G52 1RB
Corkickle,CKL,CA28 7TQ
Corpach,CPA,PH33 7JH
Corrour,CRR,PH30 4AA
Coryton,COY,CF14 7BW
Coseley,CSY,WV14 8XR
Cosford,COS,WV7 3EY
Cosham,CSA,PO6 3BD
Cottingham,CGM,HU16 4YA
Cottingley,COT,LS11 0LD
Coulsdon South,CDS,CR5 2HA
Coulsdon Town,CDN,CR3 2NS
Coventry,COV,CV3 6HF
Coventry Arena,CAA,CV6 6AS
Cowden (Kent),CWN,TN8 7DS
Cowdenbeath,COW,KY4 9SG
Cradley Heath,CRA,B64 7AR
Craigendoran,CGD,G84 7JE
Cramlington,CRM,NE23 1DJ
Cranbrook (Devon),CBK,EX5 2DY
Craven Arms,CRV,SY7 9RL
Crawley,CRW,RH10 6AJ
Crayford,CRY,DA1 4HW
Crediton,CDI,EX17 3BY
Cressing (Essex),CES,CM7 8NT
Cressington,CSG,L19 0PQ
Creswell,CWD,S80 4JD
Crewe,CRE,CW1 6AR
Crewkerne,CKN,TA18 8AU
Crews Hill,CWH,EN2 9EA
Crianlarich,CNR,FK20 8QQ
Criccieth,CCC,LL52 0RW
Cricklewood,CRI,NW2 1EU
Croftfoot,CFF,G73 2AH
Crofton Park,CFT,SE4 2PQ
Cromer,CMR,NR27 9SW
Cromford,CMF,DE4 5JJ
Crookston,CKT,G52 3LQ
Cross Gates,CRG,LS15 8BX
Crossflatts,CFL,BD16 2RZ
Crosshill,COI,G42 8ER
Crosskeys,CKY,NP11 7BU
Crossmyloof,CMY,G41 3RY
Croston,CSO,PR26 9HL
Crouch Hill,CRH,N4 4BW
Crowborough,COH,TN6 2JR
Crowhurst,CWU,TN33 9DE
Crowle,CWE,DN17 4JS
Crowthorne,CRN,RG45 6NZ
Croy,CRO,G68 9AA
Crystal Palace,CYP,SE19 2AZ
Cuddington,CUD,CW8 2LP
Cuffley,CUF,EN6 4HY
Culham,CUM,OX14 3BT
Culrain,CUA,IV24 3DW
Cumbernauld,CUB,G67 2PL
Cupar,CUP,KY15 5JD
Curriehill,CUH,EH14 5QR
Cuxton,CUX,ME2 1AB
Cwmbach,CMH,CF44 0AG
Cwmbran,CWM,NP44 2JU
Cynghordy,CYN,SA20 0LY
Dagenham Dock,DDK,RM9 6PX
Daisy Hill,DSY,BL5 2LA
Dalgety Bay,DAG,KY11 9NJ
Dalmally,DAL,PA33 1AA
Dalmarnock,DAK,G40 4LR
Dalmeny,DAM,EH30 9JU
Dalmuir,DMR,G81 4AJ
Dalreoch,DLR,G82 4JT
Dalry,DLY,KA24 4DD
Dalston (Cumbria),DLS,CA5 7LT
Dalston Junction,DLJ,E8 3DE
Dalston Kingsland,DLK,N16 8JN
Dalton (Cumbria),DLT,LA15 8PL
Dalwhinnie,DLW,PH19 1AD
Danby,DNY,YO21 2JL
Danescourt,DCT,CF5 2RX
Danzey,DZY,B94 5BE
Darlington,DAR,DL1 5AE
Darnall,DAN,S9 4JR
Darsham,DSM,IP17 3PN
Dartford,DFD,DA1 1BP
Darton,DRT,S75 5HX
Darwen,DWN,BB3 3EH
Datchet,DAT,SL3 9ED
Davenport,DVN,SK2 6JP
Dawlish,DWL,EX7 9PJ
Dawlish Warren,DWW,EX7 0NF
Deal,DEA,CT14 9ST
Dean (Wilts),DEN,SP5 1JF
Deansgate,DGT,M3 4LG
Deganwy,DGY,LL31 9EJ
Deighton,DHN,HD2 1LX
Delamere,DLM,CW8 2JQ
Denby Dale,DBD,HD8 8QE
Denham,DNM,UB9 5ES
Denham Golf Club,DGC,UB9 5EL
Denmark Hill,DMK,SE5 8AQ
Dent,DNT,LA10 5RF
Denton,DTN,M34 3WE
Deptford,DEP,SE8 5QA
Derby,DBY,DE1 2RS
Derby Road (Ipswich),DBR,IP3 8HX
Devonport (Devon),DPT,PL1 4QN
Devonport Dockyard,DOC,PL2 1RZ
Dewsbury,DEW,WF13 2PE
Didcot Parkway,DID,OX11 7FB
Digby & Sowton,DIG,EX2 7TG
Dilton Marsh,DMH,BA13 3RU
Dinas (Rhondda),DMG,CF40 2PJ
Dinas Powys,DNS,CF64 4LD
Dingle Road,DGL,CF64 1JL
Dingwall,DIN,IV15 9JD
Dinsdale,DND,DL2 1DX
Dinting,DTG,SK14 6BP
Disley,DSL,SK12 2AE
Diss,DIS,IP22 4HN
Dodworth,DOD,S75 3JJ
Dolau,DOL,LD1 5TG
Doleham,DLH,TN35 4NA
Dolgarrog,DLG,LL26 0YR
Dolwyddelan,DWD,LL25 0TJ
Doncaster,DON,DN1 1PE
Dorchester South,DCH,DT1 2DN
Dorchester West,DCW,DT1 1QX
Dore & Totley,DOR,S17 3LR
Dorking (Main),DKG,RH4 1TF
Dorking Deepdene,DPD,RH4 1AH
Dorking West,DKT,RH4 5EE
Dormans,DMS,RH7 6NJ
Dorridge,DDG,B93 8QH
Dove Holes,DVH,SK17 8BQ
Dover Priory,DVP,CT17 9TY
Dovercourt,DVC,CO12 3AG
Dovey Junction,DVY,SY20 8SU
Downham Market,DOW,PE38 9EN
Drayton Green,DRG,W7 1LX
Drayton Park,DYP,N5 1PG
Drem,DRM,EH39 5AS
Driffield,DRF,YO25 6NL
Drigg,DRI,CA19 1XR
Droitwich Spa,DTW,WR9 9BD
Dronfield,DRO,S18 2XA
Drumchapel,DMC,G15 6QX
Drumfrochar,DFR,PA15 4NE
Drumgelloch,DRU,ML6 7BL
Drumry,DMY,G81 2TE
Dublin Ferryport,DFP,D01 H4C6
Dublin Port - Stena,DPS,D01 H4C6
Duddeston,DUD,B7 4ST
Dudley Port,DDP,DY4 8RB
Duffield,DFI,DE56 4EQ
Duirinish,DRN,IV40 8BD
Duke Street,DST,G31 1NW
Dullingham,DUL,CB8 9UT
Dumbarton Central,DBC,G82 1NL
Dumbarton East,DBE,G82 1RH
Dumbreck,DUM,G41 5BQ
Dumfries,DMF,DG1 1LU
Dumpton Park,DMP,CT11 7TB
Dunbar,DUN,EH42 1JX
Dunblane,DBL,FK15 9ET
Duncraig,DCG,IV52 8TZ
Dundee,DEE,DD1 4DB
Dunfermline Queen Margaret,DFL,KY12 0TY
Dunfermline Town,DFE,KY12 7HT
Dunkeld & Birnam,DKD,PH8 0BN
Dunlop,DNL,KA3 4AS
Dunrobin Castle,DNO,KW10 6SH
Dunston,DOT,NE11 9TS
Dunton Green,DNG,TN13 2UU
Durham,DHM,DH1 4RB
Durrington-on-Sea,DUR,BN12 6BT
Dyce,DYC,AB21 7DQ
Dyffryn Ardudwy,DYF,LL44 2BF
Eaglescliffe,EAG,TS16 0BT
Ealing Broadway,EAL,W5 2PT
Earlestown,ERL,WA12 9AU
Earley,EAR,RG6 7DY
Earlsfield,EAD,SW18 3NY
Earlswood (Surrey),ELD,RH1 6JH
Earlswood (West Midlands),EWD,B94 5JS
East Croydon,ECR,CR0 1LF
East Didsbury,EDY,M20 5NE
East Dulwich,EDW,SE22 8EF
East Farleigh,EFL,ME16 9NB
East Garforth,EGF,LS25 2NS
East Grinstead,EGR,RH19 1EB
East Kilbride,EKL,G74 1NF
East Malling,EML,ME19 6AN
East Midlands Parkway,EMD,NG11 0EE
East Tilbury,ETL,SS17 0RQ
East Worthing,EWR,BN14 8ED
Eastbourne,EBN,BN21 3QJ
Eastbrook,EBK,CF64 4LD
Easterhouse,EST,G69 6BL
Eastham Rake,ERA,CH62 9EX
Eastleigh,ESL,SO50 9FN
Eastrington,EGN,DN14 7PX
Ebbsfleet International,EBD,DA10 1EB
Ebbw Vale Parkway,EBV,NP23 8AP
Ebbw Vale Town,EBB,NP23 6DN
Eccles (Manchester),ECC,M30 0DN
Eccles Road,ECS,NR16 2JQ
Eccleston Park,ECL,L35 7LP
Edale,EDL,S33 7ZP
Eden Park,EDN,BR3 3DE
Edenbridge,EBR,TN8 6JQ
Edenbridge Town,EBT,TN8 5LS
Edge Hill,EDG,L7 6ND
Edinburgh,EDB,EH1 1BG
Edinburgh Gateway,EGY,EH12 9GF
Edinburgh Park,EDP,EH11 4DF
Edmonton Green,EDR,N9 9DX
Effingham Junction,EFF,KT24 5HJ
Eggesford,EGG,EX18 7QT
Egham,EGH,TW20 9NT
Egton,EGT,YO21 1UX
Elephant & Castle,EPH,SE17 1LB
Elephant & Castle (Underground),ZEL,SE1 6LW
Elgin,ELG,IV30 1QJ
Ellesmere Port,ELP,CH65 4FG
Elmers End,ELE,BR3 4DW
Elmstead Woods,ESD,BR7 5NN
Elmswell,ESW,IP30 9HR
Elsecar,ELR,S74 8DB
Elsenham (Essex),ESM,CM22 6LX
Elstree & Borehamwood,ELS,WD6 1EX
Eltham,ELW,SE9 1SA
Elton & Orston,ELO,NG13 9LH
Ely,ELY,CB7 4DJ
Emerson Park,EMP,RM11 3HS
Emsworth,EMS,PO10 7PN
Energlyn & Churchill Park,ECP,CF83 2QR
Enfield Chase,ENC,EN2 7AA
Enfield Lock,ENL,EN3 6AA
Enfield Town,ENF,EN1 2AA
Entwistle,ENT,BL7 0NG
Epsom (Surrey),EPS,KT19 8EU
Epsom Downs,EPD,KT17 4JP
Erdington,ERD,B23 6PU
Eridge,ERI,TN3 9LD
Erith,ERH,DA8 1TY
Esher,ESH,KT10 8DT
Eskbank,EKB,EH22 3NX
Essex Road,EXR,N1 2SU
Etchingham,ETC,TN19 7PA
Euxton Balshaw Lane,EBA,PR7 6PE
Evesham,EVE,WR11 4JG
Ewell East,EWE,KT17 1QR
Ewell West,EWW,KT17 2DH
Exeter Central,EXC,EX4 3SB
Exeter St David's,EXD,EX4 4NT
Exeter St Thomas,EXT,EX4 1AQ
Exhibition Centre (Glasgow),EXG,G3 8LE
Exmouth,EXM,EX8 1BZ
Exton,EXN,EX3 0PG
Eynsford,EYN,DA4 0HP
Fairbourne,FRB,LL38 2AQ
Fairfield,FRF,M34 5QA
Fairlie,FRL,KA29 0DY
Fairwater,FRW,CF5 2LR
Falconwood,FCN,SE9 2RN
Falkirk Grahamston,FKG,FK1 1UP
Falkirk High,FKK,FK1 5NE
Falls of Cruachan,FOC,PA33 1AN
Falmer,FMR,BN1 9QX
Falmouth Docks,FAL,TR11 4NR
Falmouth Town,FMT,TR11 4LT
Fareham,FRM,PO14 1NP
Farnborough (Main),FNB,GU14 7NL
Farnborough North,FNN,GU14 8AQ
Farncombe,FNC,GU7 3NF
Farnham,FNH,GU9 8AD
Farningham Road,FNR,DA4 9JB
Farnworth,FNW,BL4 7SA
Farringdon,ZFD,EC1M 6BY
Fauldhouse,FLD,EH47 9DL
Faversham,FAV,ME13 8JJ
Faygate,FGT,RH12 4DN
Fazakerley,FAZ,L9 9EW
Fearn,FRN,IV20 1RP
Featherstone,FEA,WF7 5BN
Felixstowe,FLX,IP11 9UG
Feltham,FEL,TW13 4BZ
Feniton,FNT,EX14 3EX
Fenny Stratford,FEN,MK2 2XT
Fernhill,FER,CF45 3DG
Ferriby,FRY,HU14 3EH
Ferryside,FYS,SA17 5SF
Ffairfach,FFA,SA19 6UL
Filey,FIL,YO14 9PE
Filton Abbey Wood,FIT,BS34 7HZ
Finchley Road & Frognal,FNY,NW3 6EL
Finsbury Park,FPK,N4 2DQ
Finstock,FIN,OX7 3AW
Fishbourne (Sussex),FSB,PO19 3QJ
Fishersgate,FSG,BN41 1LG
Fishguard & Goodwick,FGW,SA64 0DG
Fishguard Harbour,FGH,SA64 0BY
Fiskerton,FSK,NG25 0UD
Fitzwilliam,FZW,WF9 5BY
Five Ways,FWY,B15 1QA
Fleet,FLE,GU51 3QY
Flimby,FLM,CA15 8QQ
Flint,FLN,CH6 5PG
Flitwick,FLT,MK45 1DS
Flixton,FLI,M41 6JL
Flowery Field,FLF,SK14 4TF
Folkestone Central,FKC,CT19 5HB
Folkestone West,FKW,CT20 3PA
Ford,FOD,BN18 0BH
Forest Gate,FOG,E7 0NE
Forest Hill,FOH,SE23 3HB
Formby,FBY,L37 3PD
Forres,FOR,IV36 1GZ
Forsinard,FRS,KW13 6YT
Fort Matilda,FTM,PA16 7TU
Fort William,FTW,PH33 6EN
Four Oaks,FOK,B74 2UX
Foxfield,FOX,LA20 6BX
Foxton,FXN,CB22 6SH
Frant,FRT,TN3 9BJ
Fratton,FTN,PO1 5AW
Freshfield,FRE,L37 1YH
Freshford,FFD,BA3 6EQ
Frimley,FML,GU16 5QH
Frinton-on-Sea,FRI,CO13 9JT
Frizinghall,FZH,BD9 4JB
Frodsham,FRD,WA6 6PT
Frome,FRO,BA11 1RE
Fulwell,FLW,TW11 0SR
Furness Vale,FNV,SK23 7PQ
Furze Platt,FZP,SL6 7SQ
Gainsborough Central,GNB,DN21 2EX
Gainsborough Lea Road,GBL,DN21 1AJ
Galashiels,GAL,TD1 1BP
Garelochhead,GCH,G84 0DB
Garforth,GRF,LS25 2QQ
Gargrave,GGV,BD23 3PD
Garrowhill,GAR,G69 1AA
Garscadden,GRS,G13 3AE
Garsdale,GSD,LA10 5PP
Garston (Hertfordshire),GSN,WD25 9QG
Garswood,GSW,WN4 0TB
Gartcosh,GRH,G69 8DF
Garth (Mid Glamorgan),GMG,CF34 9ES
Garth (Powys),GTH,LD4 4AF
Garve,GVE,IV23 2QF
Gathurst,GST,WN6 8JB
Gatley,GTY,SK8 4AR
Gatwick Airport,GTW,RH6 0RD
Georgemas Junction,GGJ,KW12 6XA
Gerrards Cross,GER,SL9 8PP
Gidea Park,GDP,RM2 6DA
Giffnock,GFN,G46 6JJ
Giggleswick,GIG,BD24 0EB
Gilberdyke,GBD,HU15 2YB
Gilfach Fargoed,GFF,CF81 8LT
Gillingham (Dorset),GIL,SP8 4PZ
Gillingham (Kent),GLM,ME7 4PA
Gilshochill,GSC,G23 5AR
Gipsy Hill,GIP,SE19 1QL
Girvan,GIR,KA26 9JF
Glaisdale,GLS,YO21 2QL
Glan Conwy,GCW,LL28 5ED
Glasgow Central,GLC,G1 3SA
Glasgow Queen Street,GLQ,G1 2AF
Glasshoughton,GLH,WF10 4TA
Glazebrook,GLZ,WA3 5DD
Gleneagles,GLE,PH3 1JN
Glenfinnan,GLF,PH37 4LT
Glengarnock,GLG,KA14 3AT
Glenrothes with Thornton,GLT,KY1 4ED
Glossop,GLO,SK13 7DD
Gloucester,GCR,GL1 1DE
Glynde,GLY,BN8 6SS
Gobowen,GOB,SY11 3LX
Godalming,GOD,GU7 1EU
Godley,GDL,SK14 3SG
Godstone,GDN,RH9 8EU
Goldthorpe,GOE,S63 9BS
Golf Street,GOF,DD7 7JF
Golspie,GOL,KW10 6ST
Gomshall,GOM,GU5 9NB
Goodmayes,GMY,IG3 9TS
Goole,GOO,DN14 5DD
Goostrey,GTR,CW4 8PL
Gordon Hill,GDH,EN2 8RY
Gorebridge,GBG,EH23 4JX
Goring & Streatley,GOR,RG8 0ES
Goring-by-Sea,GBS,BN12 5AB
Gorton,GTO,M11 1WW
Gospel Oak,GPO,NW5 1LT
Gourock,GRK,PA19 1QR
Gowerton,GWN,SA4 3AJ
Goxhill,GOX,DN19 7HL
Grange Park,GPK,N21 1RF
Grange-Over-Sands,GOS,LA11 6EH
Grangetown (Cardiff),GTN,CF11 7JD
Grantham,GRA,NG31 6BU
Grateley,GRT,SP11 7DX
Gravelly Hill,GVH,B23 7NH
Gravesend,GRV,DA11 0RR
Grays,GRY,RM17 6NQ
Great Ayton,GTA,TS9 6HG
Great Bentley,GRB,CO7 8LH
Great Chesterford,GRC,CB10 1QW
Great Coates,GCT,DN37 9NH
Great Malvern,GMV,WR14 3BX
Great Missenden,GMN,HP16 9AY
Great Yarmouth,GYM,NR30 1SD
Green Lane,GNL,CH41 9AN
Green Road,GNR,LA18 5JD
Greenbank,GBK,CW8 1JU
Greenfaulds,GRL,G67 2XJ
Greenfield,GNF,OL3 7JZ
Greenford,GFD,UB6 8PX
Greenhithe,GNH,DA9 9RE
Greenock Central,GKC,PA15 1DH
Greenock West,GKW,PA16 8UH
Greenwich,GNW,SE10 8QJ
Gretna Green,GEA,DG16 5DU
Grimsby Docks,GMD,DN31 3AG
Grimsby Town,GMB,DN31 1LY
Grindleford,GRN,S32 2HY
Grosmont,GMT,YO22 5PX
Grove Park,GRP,SE12 9TJ
Guide Bridge,GUI,OL7 0LJ
Guildford,GLD,GU1 4UT
Guiseley,GSY,LS20 9HQ
Gunnersbury,GUN,W4 4DD
Gunnislake,GSL,PL18 9DX
Gunton,GNT,NR11 8UE
Gwersyllt,GWE,LL11 4SA
Gypsy Lane,GYP,TS7 0DY
Habrough,HAB,DN40 3AP
Hackbridge,HCB,SM6 7BJ
Hackney Central,HKC,E8 1LR
Hackney Downs,HAC,E8 1LP
Hackney Wick,HKW,E9 5ER
Haddenham & Thame Parkway,HDM,HP17 8EQ
Haddiscoe,HAD,NR31 9JA
Hadfield,HDF,SK13 2AQ
Hadley Wood,HDW,EN4 0EL
Hag Fold,HGF,M46 9SG
Haggerston,HGG,E8 4DY
Hagley,HAG,DY9 0NX
Hairmyres,HMY,G74 5LW
Hale (Manchester),HAL,WA15 9AD
Halesworth,HAS,IP19 8JS
Halewood,HED,L26 0TQ
Halifax,HFX,HX3 9XU
Hall Green,HLG,B28 8JX
Hall Road,HLR,L23 6XX
Halling,HAI,ME2 1BN
Hall-i'-th'-Wood,HID,BL2 3AD
Haltwhistle,HWH,NE49 9HN
Ham Street,HMT,TN26 2DU
Hamble,HME,SO31 4HT
Hamilton Central,HNC,ML3 6QL
Hamilton West,HNW,ML3 9AY
Hammerton,HMM,YO26 8DN
Hampden Park (Sussex),HMD,BN22 9ND
Hampstead Heath,HDH,NW3 2QF
Hampton (London),HMP,TW12 2HU
Hampton Court,HMC,KT8 9AE
Hampton Wick,HMW,KT1 4WB
Hampton-in-Arden,HIA,B92 0BH
Hamstead (Birmingham),HSD,B42 1DE
Hamworthy,HAM,BH16 5DB
Hanborough,HND,OX8 8LA
Handforth,HTH,SK9 3AB
Hanwell,HAN,W7 3EB
Hapton,HPN,BB12 7LG
Harlech,HRL,LL46 2UF
Harlesden,HDN,NW10 8NZ
Harling Road,HRD,NR16 2QR
Harlington (Beds),HLN,LU5 6LU
Harlow Mill,HWM,CM20 2EL
Harlow Town,HWN,CM20 2TD
Harold Wood,HRO,RM3 0PE
Harpenden,HPD,AL5 4SP
Harrietsham,HRM,ME17 1JA
Harringay,HGY,N4 1RE
Harringay Green Lanes,HRY,N4 1DR
Harrington,HRR,CA14 5QD
Harrogate,HGT,HG1 1TF
Harrow & Wealdstone,HRW,HA3 5AG
Harrow-on-the-Hill,HOH,HA1 1BB
Hartford (Cheshire),HTF,CW8 2AE
Hartlebury,HBY,DY10 4HA
Hartlepool,HPL,TS24 7ED
Hartwood,HTW,ML7 5DU
Harwich International,HPQ,CO12 4SP
Harwich Town,HWC,CO12 3NA
Haslemere,HSL,GU27 1DB
Hassocks,HSK,BN6 8JD
Hastings,HGS,TN34 1BA
Hatch End,HTE,HA5 4HU
Hatfield & Stainforth,HFS,DN7 5HL
Hatfield (Herts),HAT,AL9 5AB
Hatfield Peverel,HAP,CM3 2DX
Hathersage,HSG,S32 1DR
Hattersley,HTY,SK14 3BJ
Hatton,HTN,CV35 7LE
Havant,HAV,PO9 2AA
Havenhouse,HVN,PE24 4AR
Haverfordwest,HVF,SA61 2LY
Hawarden,HWD,CH5 3EG
Hawarden Bridge,HWB,CH5 1PY
Hawkhead,HKH,PA2 7AS
Haydon Bridge,HDB,NE47 6LN
Haydons Road,HYR,SW19 8RP
Hayes & Harlington,HAY,UB3 4BX
Hayes (Kent),HYS,BR2 7DL
Hayle,HYL,TR27 4NG
Haymarket,HYM,EH11 2BD
Haywards Heath,HHE,RH16 1DB
Hazel Grove,HAZ,SK7 4EX
Headcorn,HCN,TN27 9SD
Headingley,HDY,LS5 3LD
Headstone Lane,HDL,HA2 6NE
Heald Green,HDG,SK8 3PZ
Healing,HLI,DN41 7RY
Heath High Level,HHL,CF23 5QJ
Heath Low Level,HLL,CF14 3RJ
Heathrow Airport Terminal 4,HAF,TW6 3AA
Heathrow Airport Terminal 5,HWV,TW6 2GA
"Heathrow Airport Terminals 1, 2 and 3",HXX,TW6 1WD
Heaton Chapel,HTC,SK4 4RL
Hebden Bridge,HBD,HX7 6JD
Heckington,HEC,NG34 9UP
Hedge End,HDE,SO30 2XB
Hednesford,HNF,WS11 3EG
Heighington,HEI,DL5 6QG
Helensburgh Central,HLC,G84 7EE
Helensburgh Upper,HLU,G84 9AG
Hellifield,HLD,BD23 4HN
Helmsdale,HMS,KW8 6HT
Helsby,HSB,WA6 0AG
Hemel Hempstead,HML,HP3 9BQ
Hendon,HEN,NW9 6AX
Hengoed,HNG,CF82 7LT
Henley-in-Arden,HNL,B95 5JF
Henley-on-Thames,HOT,RG9 1BE
Hensall,HEL,DN14 0QN
Hereford,HFD,HR1 1BB
Herne Bay,HNB,CT6 8PJ
Herne Hill,HNH,SE24 0JW
Hersham,HER,KT12 3RW
Hertford East,HFE,SG14 1SB
Hertford North,HFN,SG14 1NB
Hessle,HES,HU13 0EY
Heswall,HSW,CH60 1XQ
Hever,HEV,TN8 7ER
Heworth,HEW,NE10 0LW
Hexham,HEX,NE46 1ET
Heyford,HYD,OX6 3PD
Heysham Port,HHB,LA3 2XE
High Brooms,HIB,TN2 3XE
High Street (Glasgow),HST,G1 1QF
High Street Kensington Underground,ZHS,W8 5SA
High Wycombe,HWY,HP13 6NN
Higham (Kent),HGM,ME3 7JQ
Highams Park,HIP,E4 9LA
Highbridge & Burnham,HIG,TA9 3BT
Highbury & Islington,HHY,N1 1SB
Hightown,HTO,L38 3RX
Hildenborough,HLB,TN11 8LX
Hillfoot,HLF,G61 2BT
Hillington East,HLE,G52 2LJ
Hillington West,HLW,G52 4EW
Hillside,HIL,PR8 2LN
Hilsea,HLS,PO3 5RQ
Hinchley Wood,HYW,KT10 0SR
Hinckley (Leics),HNK,LE10 1UE
Hindley,HIN,WN2 2QL
Hinton Admiral,HNA,BH23 7DP
Hitchin,HIT,SG4 9UL
Hither Green,HGR,SE13 6HE
Hockley,HOC,SS5 4BG
Hollingbourne,HBN,ME17 1TX
Holmes Chapel,HCH,CW4 8AA
Holmwood,HLM,RH5 4UZ
Holton Heath,HOL,BH16 6JX
Holyhead,HHD,LL65 1DQ
Holytown,HLY,ML1 4LU
Homerton,HMN,E9 6AP
Honeybourne,HYB,WR11 5XR
Honiton,HON,EX14 2DA
Honley,HOY,HD7 2LJ
Honor Oak Park,HPA,SE23 1NX
Hook,HOK,RG27 9HS
Hooton,HOO,CH66 7NL
Hope (Derbyshire),HOP,S33 6RE
Hope (Flintshire),HPE,LL12 9NJ
Hopton Heath,HPT,SY7 0QD
Horley,HOR,RH6 9HB
Hornbeam Park,HBP,HG2 8BW
Hornsey,HRN,N8 7EA
Horsforth,HRS,LS18 5NP
Horsham,HRH,RH13 5RB
Horsley,HSY,KT24 6QX
Horton-in-Ribblesdale,HIR,BD24 0HL
Horwich Parkway,HWI,BL6 6LB
Hoscar,HSC,L40 4BQ
Hough Green,HGN,WA8 7XU
Hounslow,HOU,TW3 2EB
Hove,HOV,BN3 6HW
Hoveton & Wroxham,HXM,NR12 8UT
How Wood (Herts),HWW,AL2 2JL
Howden,HOW,DN14 7LD
Howwood (Renfrewshire),HOZ,PA9 1XX
Hoxton,HOX,E2 8FF
Hoylake,HYK,CH47 2AB
Hubberts Bridge,HBB,PE20 3QR
Hucknall,HKN,NG15 8AH
Huddersfield,HUD,HD1 1JF
Hull,HUL,HU3 2LL
Humphrey Park,HUP,M32 9QD
Huncoat,HCT,BB5 6NQ
Hungerford,HGD,RG17 0DX
Hunmanby,HUB,YO14 0LR
Huntingdon,HUN,PE29 3BP
Huntly,HNT,AB54 6HZ
Hunts Cross,HNX,L25 0NL
Hurst Green,HUR,RH8 0LL
Hutton Cranswick,HUT,YO25 9QY
Huyton,HUY,L36 5XA
Hyde Central,HYC,SK14 1BW
Hyde North,HYT,SK16 5LJ
Hykeham,HKM,LN6 9AT
Hyndland,HYN,G12 9YH
Hythe (Essex),HYH,CO2 8JZ
IBM Halt,IBM,PA16 0AJ
Ifield,IFI,RH11 0JP
Ilford,IFD,IG1 2DG
Ilkley,ILK,LS29 8HF
Imperial Wharf,IMW,SW8 4SR
Ince & Elton,INE,CH2 4NE
Ince (Manchester),INC,WN3 4RH
Ingatestone,INT,CM4 0BH
Insch,INS,AB52 6WN
Invergordon,IGD,IV18 0RQ
Invergowrie,ING,DD2 5AP
Inverkeithing,INK,KY11 1NJ
Inverkip,INP,PA16 0BE
Inverness,INV,IV1 1LF
Invershin,INH,IV27 4ET
Inverurie,INR,AB51 4TN
Ipswich,IPS,IP2 8AN
Irlam,IRL,M44 5AB
Irvine,IRV,KA12 8NU
Isleworth,ISL,TW7 4BY
Islip,ISP,OX5 2TQ
Iver,IVR,SL0 9AT
Ivybridge,IVY,TQ9 5JR
James Cook,JCH,TS4 3BW
Jewellery Quarter,JEQ,B18 6LE
Johnston (Pembs),JOH,SA62 3PZ
Johnstone (Strathclyde),JHN,PA5 8HE
Jordanhill,JOR,G13 1QL
Kearsley (Manchester),KSL,BL4 8DU
Kearsney (Kent),KSN,CT17 0RN
Keighley,KEI,BD21 4HP
Keith,KEH,AB55 5GB
Kelvedon,KEL,CO5 9LT
Kelvindale,KVD,G20 0TA
Kemble,KEM,GL7 6AU
Kempston Hardwick,KMH,MK43 9NR
Kempton Park Racecourse,KMP,TW16 5BX
Kemsing,KMS,TN15 6YP
Kemsley,KML,ME10 2PL
Kendal,KEN,LA9 6SA
Kenley,KLY,CR8 5DF
Kennett,KNE,CB8 7QF
Kennishead,KNS,G46 8HN
Kensal Green,KNL,NW10 5JT
Kensal Rise,KNR,NW10 5RT
Kensington Olympia,KPA,W14 8HW
Kent House,KTH,BR3 1JD
Kentish Town,KTN,NW5 2TU
Kentish Town West,KTW,NW5 3ED
Kenton,KNT,HA3 0JA
Kents Bank,KBK,LA11 7BG
Kettering,KET,NN15 7JT
Kew Bridge,KWB,TW8 0JA
Kew Gardens,KWG,TW9 3QA
Keyham,KEY,PL2 2BD
Keynsham,KYN,BS31 2BT
Kidbrooke,KDB,SE3 9PL
Kidderminster,KID,DY10 1UG
Kidsgrove,KDG,ST7 1BX
Kidwelly,KWL,SA17 4UW
Kilburn High Road,KBN,NW6 5UD
Kildale,KLD,YO21 2RJ
Kildonan,KIL,KW8 6HY
Kilgetty,KGT,SA68 0XR
Kilmarnock,KMK,KA1 2AF
Kilmaurs,KLM,KA3 2TU
Kilpatrick,KPT,G60 5LX
Kilwinning,KWN,KA13 6NT
Kinbrace,KBC,KW11 6UB
Kingham,KGM,OX7 6UP
Kinghorn,KGH,KY3 9RA
Kings Langley,KGL,WD4 8LL
Kings Lynn,KLN,PE30 1NX
Kings Norton,KNN,B30 1AB
Kings Nympton,KGN,EX37 9EU
Kings Park,KGP,G44 4HS
Kings Sutton,KGS,OX17 3NZ
Kingsknowe,KGE,EH14 2EF
Kingston,KNG,KT1 1UJ
Kingswood,KND,KT20 6HS
Kingussie,KIN,PH21 1JA
Kintbury,KIT,RG17 9UN
Kirby Cross,KBX,CO13 0LU
Kirk Sandall,KKS,DN3 1SE
Kirkby (Merseyside),KIR,L32 2AE
Kirkby Stephen,KSW,CA17 4LF
Kirkby-in-Ashfield,KKB,NG17 8DB
Kirkby-in-Furness,KBF,LA17 7TA
Kirkcaldy,KDY,KY1 1YL
Kirkconnel,KRK,DG4 6LU
Kirkdale,KKD,L20 2BX
Kirkham & Wesham,KKM,PR4 3AH
Kirkhill,KKH,G72 8NB
Kirknewton,KKN,EH27 8DD
Kirkstall Forge,KLF,LS5 3NF
Kirkwood,KWD,ML5 5NQ
Kirton Lindsey,KTL,DN21 4BE
Kiveton Bridge,KIV,S26 6QX
Kiveton Park,KVP,S26 6NP
Knaresborough,KNA,HG5 8BX
Knebworth,KBW,SG3 6HL
Knighton,KNI,LD7 1DY
Knockholt,KCK,TN14 7HR
Knottingley,KNO,WF11 8RN
Knucklas,KNU,LD7 1RR
Knutsford,KNF,WA16 6DN
Kyle of Lochalsh,KYL,IV40 8AQ
Ladybank,LDY,KY15 7JY
Ladywell,LAD,SE13 7XB
Laindon,LAI,SS15 6AB
Lairg,LRG,IV27 4DH
Lake,LKE,PO36 8PJ
Lakenheath,LAK,IP27 9AD
Lamphey,LAM,SA71 5NR
Lanark,LNK,ML11 7NR
Lancaster,LAN,LA1 5NW
Lancing,LAC,BN15 9HH
Landywood,LAW,WS6 6JE
Langbank,LGB,PA14 6YA
Langho,LHO,BB6 8ED
Langley (Berks),LNY,SL3 6DB
Langley Green,LGG,B69 4LZ
Langley Mill,LGM,NG16 4AP
Langside,LGS,G43 2EP
Langwathby,LGW,CA10 1NA
Langwith-Whaley Thorns,LAG,NG20 9BW
Lapford,LAP,EX17 6AE
Lapworth,LPW,B94 6LP
Larbert,LBT,FK5 4AW
Largs,LAR,KA30 8AN
Larkhall,LRH,ML9 1DP
Laurencekirk,LAU,AB30 1NN
Lawrence Hill,LWH,BS5 9JD
Layton (Lancs),LAY,FY3 7JY
Lazonby & Kirkoswald,LZB,CA10 1BQ
Lea Bridge,LEB,E10 7AG
Lea Green,LEG,WA9 4QF
Lea Hall,LEH,B33 8JU
Leagrave,LEA,LU4 9BA
Lealholm,LHM,YO21 2AG
Leamington Spa,LMS,CV31 3NS
Leasowe,LSW,CH46 1QN
Leatherhead,LHD,KT22 7SQ
Ledbury,LED,HR8 1AR
Lee (London),LEE,SE12 0AD
Leeds,LDS,LS1 4JB
Leicester,LEI,LE2 0HH
Leigh (Kent),LIH,TN11 8RU
Leigh-on-Sea,LES,SS9 2ET
Leighton Buzzard,LBZ,LU7 7LY
Lelant,LEL,TR26 3DW
Lelant Saltings,LTS,TR27 6HB
Lenham,LEN,ME17 2HR
Lenzie,LNZ,G66 4LP
Leominster,LEO,HR6 8AR
Letchworth Garden City,LET,SG6 3AN
Leuchars (for St. Andrews),LEU,KY16 0AA
Levenshulme,LVM,M19 3PJ
Lewes,LWS,BN7 2XP
Lewisham,LEW,SE13 7SA
Leyland,LEY,PR5 2XB
Leyton Midland Road,LEM,E10 6RN
Leytonstone High Road,LER,E11 4RP
Lichfield City,LIC,WS14 9DZ
Lichfield Trent Valley,LTV,WS14 9HY
Lidlington,LID,MK43 0RE
Limehouse,LHS,E14 7JD
Lincoln Central,LCN,LN5 7EW
Lingfield,LFD,RH7 6EH
Lingwood,LGD,NR13 4BB
Linlithgow,LIN,EH49 6AF
Liphook,LIP,GU30 7DN
Liskeard,LSK,PL14 4DZ
Liss,LIS,GU33 7AB
Lisvane & Thornhill,LVT,CF14 0UE
Little Kimble,LTK,HP17 0XN
Little Sutton,LTT,CH66 1NU
Littleborough,LTL,OL15 8DE
Littlehampton,LIT,BN17 7BX
Littlehaven,LVN,RH12 4BW
Littleport,LTP,CB6 1JL
Liverpool Central,LVC,L1 1JT
Liverpool James Street,LVJ,L2 7PQ
Liverpool Lime Street,LIV,L1 1RJ
Liverpool South Parkway,LPY,L19 5NE
Livingston North,LSN,EH54 8PL
Livingston South,LVG,EH54 9DA
Llanaber,LLA,LL42 1AZ
Llanbedr,LBR,LL45 2LR
Llanbister Road,LLT,LD1 5UW
Llanbradach,LNB,CF83 3NE
Llandaf,LLN,CF14 2EZ
Llandanwg,LDN,LL46 2SD
Llandecwyn,LLC,LL47 6YN
Llandeilo,LLL,SA19 6LE
Llandovery,LLV,SA20 0BE
Llandrindod,LLO,LD1 5BB
Llandudno,LLD,LL30 2AF
Llandudno Junction,LLJ,LL31 9NB
Llandybie,LLI,SA18 3UN
Llanelli,LLE,SA15 2RN
Llanfairfechan,LLF,LL33 0BP
Llanfairpwll,LPG,LL61 5UJ
Llangadog,LLG,SA19 9LU
Llangammarch,LLM,LD4 4EE
Llangennech,LLH,SA14 8UY
Llangynllo,LGO,LD7 1TA
Llanharan,LLR,CF72 9QA
Llanhilleth,LTH,NP13 2HT
Llanishen,LLS,CF14 0SA
Llanrwst,LWR,LL26 0EG
Llansamlet,LAS,SA7 9BP
Llantwit Major,LWM,CF61 2XD
Llanwrda,LNR,SA19 8EH
Llanwrtyd,LNW,LD5 4RP
Llwyngwril,LLW,LL37 2JS
Llwynypia,LLY,CF40 2JH
Loch Awe,LHA,PA33 1AQ
Loch Eil Outward Bound,LHE,PH33 7NW
Lochailort,LCL,PH38 4LZ
Locheilside,LCS,PH33 7NP
Lochgelly,LCG,KY5 9EL
Lochluichart,LCC,IV23 2PZ
Lochwinnoch,LHW,PA12 4JF
Lockerbie,LOC,DG11 2HE
Lockwood,LCK,HD1 3SW
London Blackfriars,BFR,EC4V 4DY
London Bridge,LBG,SE1 2SZ
London Cannon Street,CST,EC4R 2AT
London Charing Cross,CHX,WC2N 6NN
London Euston,EUS,NW1 2RZ
London Fenchurch Street,FST,EC3M 4AJ
London Fields,LOF,E8 3PH
London Kings Cross,KGX,N1 9AX
London Liverpool Street,LST,EC2A 2HL
London Marylebone,MYB,NW1 6JR
London Paddington,PAD,W2 6HT
London Road (Brighton),LRB,BN1 4QS
London Road (Guildford),LRD,GU1 4DQ
London St Pancras (Intl),SPX,N1C 4QP
London St Pancras International,STP,NW1 2QL
London Victoria,VIC,SW1E 5ND
London Waterloo,WAT,SE1 7NS
London Waterloo East,WAE,SE1 8TD
Long Buckby,LBK,NN6 7PF
Long Eaton,LGE,NG10 3GL
Long Preston,LPR,BD23 4RY
Longbeck,LGK,TS11 6HD
Longbridge,LOB,B31 4HG
Longcross,LNG,GU25 4JR
Longfield,LGF,DA3 7QA
Longniddry,LND,EH32 0LS
Longport,LPT,ST6 4NF
Longton,LGN,ST3 2JG
Looe,LOO,PL13 1LS
Lostock,LOT,BL6 4JP
Lostock Gralam,LTG,CW9 7PR
Lostock Hall,LOH,PR5 5BU
Lostwithiel,LOS,PL22 0DY
Loughborough,LBO,LE11 1ET
Loughborough Junction,LGJ,SW9 8SA
Lowdham,LOW,NG14 7HH
Lower Sydenham,LSY,SE26 5BN
Lowestoft,LWT,NR32 2EG
Ludlow,LUD,SY8 1PY
Luton,LUT,LU1 2LT
Luton Airport Parkway,LTN,LU2 0ZZ
Luxulyan,LUX,PL30 5EF
Lydney,LYD,GL15 5ER
Lye (West Midlands),LYE,DY9 8ES
Lymington Pier,LYP,SO41 5ZE
Lymington Town,LYT,SO41 9AY
Lympstone Commando,LYC,EX8 5AR
Lympstone Village,LYM,EX8 5EU
Lytham,LTM,FY8 5PA
Macclesfield,MAC,SK10 1JD
Machynlleth,MCN,SY20 8TG
Maesteg,MST,CF34 9BN
Maesteg (Ewenny Road),MEW,CF34 9TS
Maghull,MAG,L31 3DE
Maiden Newton,MDN,DT2 0BP
Maidenhead,MAI,SL6 1EW
Maidstone Barracks,MDB,ME16 0SQ
Maidstone East,MDE,ME14 1QL
Maidstone West,MDW,ME16 8RJ
Malden Manor,MAL,KT3 5PN
Mallaig,MLG,PH41 4QA
Malton,MLT,YO17 9RD
Malvern Link,MVL,WR14 1JE
Manchester Airport,MIA,M90 3RR
Manchester Oxford Road,MCO,M1 6FU
Manchester Piccadilly,MAN,M1 2PZ
Manchester United Football Ground,MUF,M16 0QG
Manchester Victoria,MCV,M3 1AR
Manea,MNE,PE15 0HQ
Manningtree,MNG,CO11 2LH
Manor Park,MNP,E12 5DA
Manor Road,MNR,CH47 3DS
Manorbier,MRB,SA70 7SN
Manors,MAS,NE1 2HQ
Mansfield,MFT,NG18 1LP
Mansfield Woodhouse,MSW,NG19 9NW
March,MCH,PE15 8SL
Marden (Kent),MRN,TN12 9HS
Margate,MAR,CT9 5AD
Market Harborough,MHR,LE16 7QE
Market Rasen,MKR,LN8 3AW
Markinch,MNC,KY7 6AQ
Marks Tey,MKT,CO6 1ED
Marlow,MLW,SL7 1NT
Marple,MPL,SK6 7DA
Marsden (Yorks),MSN,HD7 6AX
Marske,MSK,TS11 6JH
Marston Green,MGN,B37 7AF
Martin Mill,MTM,CT15 5LD
Martins Heron,MAO,RG12 9YY
Marton,MTO,TS3 0SR
Maryhill,MYH,G20 0BT
Maryland,MYL,E15 1EY
Maryport,MRY,CA15 6NQ
Matlock,MAT,DE4 3NA
Matlock Bath,MTB,DE4 3NT
Mauldeth Road,MAU,M14 6SE
Maxwell Park,MAX,G41 4LG
Maybole,MAY,KA19 8AF
Maze Hill,MZH,SE10 9XR
Meadowhall,MHS,S4 7YU
Meldreth,MEL,SG8 6JU
Melksham,MKM,SN12 8DB
Melton (Suffolk),MES,IP12 1LT
Melton Mowbray,MMO,LE13 1AW
Menheniot,MEN,PL14 3UF
Menston,MNN,LS29 6QG
Meols,MEO,CH47 8XZ
Meols Cop,MEC,PR9 7DD
Meopham,MEP,DA13 0LX
Merryton,MEY,ML9 2UH
Merstham,MHM,RH1 3AP
Merthyr Tydfil,MER,CF47 8DH
Merthyr Vale,MEV,CF48 4TE
Metheringham,MGM,LN4 3HD
MetroCentre,MCE,NE11 9XG
Mexborough,MEX,S64 9AQ
Micheldever,MIC,SO21 3AW
Micklefield,MIK,LS25 4DQ
Middlesbrough,MBR,TS1 1DR
Middlewood,MDL,SK12 1UA
Midgham,MDG,RG7 5SJ
Milford (Surrey),MLF,GU8 5AD
Milford Haven,MFH,SA73 3AU
Mill Hill (Lancs),MLH,BB2 4BY
Mill Hill Broadway,MIL,NW7 2JU
Millbrook (Beds),MLB,MK45 2JH
Millbrook (Hants),MBK,SO15 3SE
Milliken Park,MIN,PA10 2DA
Millom,MLM,LA18 5AA
Mills Hill (Manchester),MIH,M24 2EH
Milngavie,MLN,G62 6NB
Milton Keynes Central,MKC,MK9 1DB
Minffordd,MFF,LL48 6HF
Minster,MSR,CT12 4BW
Mirfield,MIR,WF14 8PT
Mistley,MIS,CO11 1HG
Mitcham Eastfields,MTC,CR4 2ND
Mitcham Junction,MIJ,CR4 4HN
Mobberley,MOB,WA16 7QJ
Monifieth,MON,DD5 4NG
Monks Risborough,MRS,HP27 9JQ
Montpelier,MTP,BS6 5HA
Montrose,MTS,DD10 8DE
Moorfields,MRF,L2 2BL
Moorgate,MOG,EC2M 6UR
Moorside,MSD,M27 9RJ
Moorthorpe,MRP,WF9 3AT
Morar,MRR,PH40 4PB
Morchard Road,MRD,EX17 5LR
Morden South,MDS,SM4 5HA
Morecambe,MCM,LA4 4DW
Moreton (Dorset),MTN,DT2 8BD
Moreton (Merseyside),MRT,CH46 6AA
Moreton-in-Marsh,MIM,GL56 0JR
Morfa Mawddach,MFA,LL39 1BQ
Morley,MLY,LS27 8LJ
Morpeth,MPT,NE61 2SW
Mortimer,MOR,RG7 3NY
Mortlake,MTL,SW14 8LL
Moses Gate,MSS,BL3 2QH
Moss Side,MOS,FY8 4NB
Mossley (Manchester),MSL,OL5 0AB
Mossley Hill,MSH,L18 8EE
Mosspark,MPK,G52 3EX
Moston,MSO,M40 5AA
Motherwell,MTH,ML1 3JA
Motspur Park,MOT,KT3 6QS
Mottingham,MTG,SE9 4EN
Mottisfont & Dunbridge,DBG,SO51 0RA
Mouldsworth,MLD,CH3 8AJ
Moulsecoomb,MCB,BN2 4GP
Mount Florida,MFL,G42 9DN
Mount Vernon,MTV,G32 9RD
Mountain Ash,MTA,CF45 3HD
Muir of Ord,MOO,IV6 7TJ
Muirend,MUI,G44 3ES
Musselburgh,MUB,EH21 6TR
Mytholmroyd,MYT,HX7 5DU
Nafferton,NFN,YO25 4LU
Nailsea & Backwell,NLS,BS48 3LE
Nairn,NRN,IV12 4QP
Nantwich,NAN,CW5 7BG
Narberth,NAR,SA67 8TY
Narborough,NBR,LE9 5HR
Navigation Road,NVR,WA15 6RJ
Neath,NTH,SA11 1BY
Needham Market,NMT,IP6 8AS
Neilston,NEI,G78 3DY
Nelson,NEL,BB9 9AW
Neston,NES,CH64 3RG
Netherfield,NET,NG4 2FP
Nethertown,NRT,CA22 2UQ
Netley,NTL,SO31 5AX
New Barnet,NBA,EN5 1LW
New Beckenham,NBC,BR3 1QJ
New Brighton,NBN,CH45 2NY
New Clee,NCE,DN31 3AE
New Cross,NWX,SE14 6LL
New Cross Gate,NXG,SE14 6BL
New Cumnock,NCK,KA18 4DF
New Eltham,NEH,SE9 2AA
New Holland,NHL,DN19 7RU
New Hythe,NHE,ME20 6XS
New Lane,NLN,L40 0RP
New Malden,NEM,KT3 4JQ
New Mills Central,NMC,SK22 3FB
New Mills Newtown,NMN,SK22 3JW
New Milton,NWM,BH25 6JS
New Pudsey,NPD,LS28 6QG
New Southgate,NSG,N11 1QH
Newark Castle,NCT,NG24 1BW
Newark North Gate,NNG,NG24 1LP
Newbridge,NBE,NP11 5FH
Newbury,NBY,RG14 7LP
Newbury Racecourse,NRC,RG14 5UT
Newcastle,NCL,NE1 5DL
Newcourt,NCO,EX2 7FH
Newcraighall,NEW,EH21 8SG
Newhaven Harbour,NVH,BN9 0BB
Newhaven Town,NVN,BN9 0AS
Newington,NGT,ME9 7LQ
Newmarket,NMK,CB8 9WT
Newport (Essex),NWE,CB11 3RN
Newport (South Wales),NWP,NP20 4AA
Newquay,NQY,TR7 1SE
Newstead,NSD,NG17 9AQ
Newton (Lanark),NTN,ML12 6HT
Newton Abbot,NTA,TQ12 2BT
Newton Aycliffe,NAY,DL5 7BD
Newton for Hyde,NWN,SK14 4AE
Newton St Cyres,NTC,EX5 5AS
Newtongrange,NEG,EH22 4NH
Newton-le-Willows,NLW,WA12 9SF
Newtonmore,NWR,PH20 1AL
Newton-on-Ayr,NOA,KA8 8LL
Newtown (Powys),NWT,SY16 1BE
Ninian Park,NNP,CF11 8AH
Nitshill,NIT,G53 7NX
Norbiton,NBT,KT1 3QT
Norbury,NRB,SW16 4BU
Normans Bay,NSB,BN24 6PR
Normanton,NOR,WF6 2BP
North Berwick,NBW,EH39 4DA
North Camp,NCM,GU12 5QA
North Dulwich,NDL,SE22 8TB
North Fambridge,NFA,CM3 6NE
North Llanrwst,NLR,LL26 0EG
North Queensferry,NQU,KY11 1JH
North Road (Darlington),NRD,DL3 6ST
North Sheen,NSH,TW9 4QQ
North Walsham,NWA,NR28 0DT
North Wembley,NWB,HA9 7NT
Northallerton,NTR,DL7 8DE
Northampton,NMP,NN1 1SP
Northfield,NFD,B31 3UB
Northfleet,NFL,DA11 9DY
Northolt Park,NLT,UB5 4PB
Northumberland Park,NUM,N17 0UQ
Northwich,NWI,CW9 7FF
Norton Bridge,NTB,ST15 0NY
Norwich,NRW,NR1 1EF
Norwood Junction,NWD,SE25 5AQ
Nottingham,NOT,BH19 3EB
Nuneaton,NUN,CV11 4BU
Nunhead,NHD,SE15 3XD
Nunthorpe,NNT,TS7 0BL
Nutbourne,NUT,PO18 8SJ
Nutfield,NUF,RH1 5RR
Oakengates,OKN,TF2 6DT
Oakham,OKM,LE15 6RE
Oakleigh Park,OKL,EN4 8DR
Oban,OBN,PA34 4NU
Ockendon,OCK,RM15 6PD
Ockley,OLY,RH5 5HT
Okehampton,OKE,EX20 1EJ
Old Hill,OHL,B64 6PL
Old Roan,ORN,L10 3JG
Old Street,OLD,EC1V 9NR
Oldfield Park,OLF,BA2 3RN
Olton,OLT,B92 8BS
Ore,ORE,TN34 3SN
Ormskirk,OMS,L39 2YN
Orpington,ORP,BR6 0SX
Orrell,ORR,WN5 8TH
Orrell Park,OPK,L9 8BU
Otford,OTF,TN14 5QY
Oulton Broad North,OUN,NR32 3LJ
Oulton Broad South,OUS,NR33 8QX
Outwood,OUT,WF3 3HR
Overpool,OVE,CH66 3NP
Overton,OVR,RG25 3JJ
Oxenholme Lake District,OXN,LA9 7HF
Oxford,OXF,OX1 1HS
Oxford Parkway,OXP,OX2 8HA
Oxshott,OXS,KT22 0TA
Oxted,OXT,RH8 0QD
Paddock Wood,PDW,TN12 6ER
Padgate,PDG,WA2 0QT
Paignton,PGN,TQ4 5EF
Paisley Canal,PCN,PA1 1YU
Paisley Gilmour Street,PYG,PA1 1BS
Paisley St James,PYJ,PA3 1RQ
Palmers Green,PAL,N13 4QU
Pangbourne,PAN,RG8 7DY
Pannal,PNL,HG3 1JL
Pantyffynnon,PTF,SA18 3HN
Par,PAR,PL24 2LT
Parbold,PBL,WN8 7DD
Park Street,PKT,AL2 2NZ
Parkstone (Dorset),PKS,BH14 8TE
Parson Street,PSN,BS3 5NG
Partick,PTK,G11 6DB
Parton,PRN,CA28 6NZ
Patchway,PWY,BS34 6HW
Patricroft,PAT,M30 0UR
Patterton,PTT,G77 6NR
Peartree,PEA,DE23 8WP
Peckham Rye,PMR,SE15 4QL
Pegswood,PEG,NE61 6SJ
Pemberton,PEM,WN5 8DE
Pembrey & Burry Port,PBY,SA16 0LP
Pembroke,PMB,SA71 4AD
Pembroke Dock,PMD,SA72 6HJ
Penally,PNA,SA70 7PS
Penarth,PEN,CF64 3EB
Pencoed,PCD,CF35 5NN
Pengam,PGM,NP12 3XX
Penge East,PNE,SE26 5HT
Penge West,PNW,SE20 8RZ
Penhelig,PHG,LL35 0PS
Penistone,PNS,S36 6HN
Penkridge,PKG,ST19 5AJ
Penmaenmawr,PMW,LL34 6AT
Penmere,PNM,TR11 4AE
Penrhiwceiber,PER,CF45 3SS
Penrhyndeudraeth,PRH,LL48 6LL
Penrith (North Lakes),PNR,CA11 7JQ
Penryn (Cornwall),PYN,TR10 8QW
Pensarn (Gwynedd),PES,LL45 2HU
Penshurst,PHR,TN11 8JJ
Pentre-Bach,PTB,CF48 4BD
Pen-y-Bont,PNY,LD1 6RE
Penychain,PNC,LL53 6HJ
Penyffordd,PNF,CH4 0JT
Penzance,PNZ,TR18 2DB
Perranwell,PRW,TR3 7LF
Perry Barr,PRY,B20 3JE
Pershore,PSH,WR10 2DJ
Perth,PTH,PH2 0DR
Peterborough,PBO,PE1 1QL
Petersfield,PTR,GU32 3EE
Petts Wood,PET,BR5 1DH
Pevensey & Westham,PEV,BN24 5NB
Pevensey Bay,PEB,BN24 6AA
Pewsey,PEW,SN9 5EL
Pilning,PIL,BS35 4JH
Pinhoe,PIN,EX1 3SY
Pitlochry,PIT,PH16 5BN
Pitsea,PSE,SS13 3JX
Pleasington,PLS,BB2 5JQ
Plockton,PLK,IV52 8TF
Pluckley,PLC,TN27 0RT
Plumley,PLM,WA16 9RX
Plumpton,PMP,BN7 3BW
Plumstead,PLU,SE18 7EA
Plymouth,PLY,PL4 6AB
Pokesdown,POK,BH7 6JU
Polegate,PLG,BN26 5AG
Polesworth,PSW,B78 1BJ
Pollokshaws East,PWE,G43 1UB
Pollokshaws West,PWW,G43 1NZ
Pollokshields East,PLE,G41 2SX
Pollokshields West,PLW,G41 4LW
Polmont,PMT,FK2 0UF
Polsloe Bridge,POL,EX1 2RY
Ponders End,PON,EN3 4QE
Pontarddulais,PTD,SA4 1TL
Pontefract Baghill,PFR,WF8 1RB
Pontefract Monkhill,PFM,WF8 1JA
Pontefract Tanshelf,POT,WF8 4PJ
Pontlottyn,PLT,CF81 9QX
Pontyclun,PYC,CF72 9ES
Pont-y-Pant,PYP,LL25 0PJ
Pontypool & New Inn,PPL,NP4 0RE
Pontypridd,PPD,CF37 1LJ
Poole,POO,BH15 1YL
Poppleton,POP,YO26 6QA
Port Glasgow,PTG,PA14 5JN
Port Sunlight,PSL,CH62 4XB
Port Talbot Parkway,PTA,SA13 1SA
Portchester,PTC,PO16 8PE
Porth,POR,CF39 9NY
Porthmadog,PTM,LL49 9ND
Portlethen,PLN,AB12 4PT
Portslade,PLD,BN3 7HD
Portsmouth & Southsea,PMS,PO1 1EQ
Portsmouth Arms,PMA,EX37 9ND
Portsmouth Harbour,PMH,PO1 3EU
Possilpark & Parkhouse,PPK,G22 6LW
Potters Bar,PBR,EN6 1AU
Poulton-le-Fylde,PFY,FY6 7BD
Poynton,PYT,SK12 1GA
Prees,PRS,SY13 2DW
Prescot,PSC,L34 5SY
Prestatyn,PRT,LL19 9AF
Prestbury,PRB,SK10 4HT
Preston (Lancs),PRE,PR1 8AP
Preston Park,PRP,BN1 6SF
Prestonpans,PST,EH32 9ES
Prestwick International Airport,PRA,KA9 2PJ
Prestwick Town,PTW,KA9 1HQ
Priesthill & Darnley,PTL,G53 6UL
Princes Risborough,PRR,HP27 9DD
Prittlewell,PRL,SS2 6LG
Prudhoe,PRU,NE42 6NR
Pulborough,PUL,RH20 1AX
Purfleet,PFL,RM19 1QS
Purley,PUR,CR8 2AP
Purley Oaks,PUO,CR2 0QA
Putney,PUT,SW15 1TE
Pwllheli,PWL,LL53 5HL
Pye Corner,PYE,NP10 9DH
Pyle,PYL,CF33 4NL
Quakers Yard,QYD,CF46 5NJ
Queenborough,QBR,ME11 5AZ
Queens Park (Glasgow),QPK,G42 8PH
Queens Park (London),QPW,NW6 6NL
Queens Road (Peckham),QRP,SE15 2JN
Queenstown Road (Battersea),QRB,SW11 5EZ
Quintrell Downs,QUI,TR8 4QG
Radcliffe-on-Trent,RDF,NG12 1BG
Radlett,RDT,WD7 7AJ
Radley,RAD,OX14 3BJ
Radyr,RDR,CF14 2TJ
Rainford,RNF,WA11 7JX
Rainham (Essex),RNM,RM13 9YN
Rainham (Kent),RAI,ME8 7SG
Rainhill,RNH,L35 3TY
Ramsgate,RAM,CT11 7RE
Ramsgreave & Wilpshire,RGW,BB1 9BQ
Rannoch,RAN,PH17 2QA
Rauceby,RAU,NG34 8PT
Ravenglass for Eskdale,RAV,CA18 1SJ
Ravensbourne,RVB,BR2 0BX
Ravensthorpe,RVN,WF12 9ED
Rawcliffe,RWC,DN14 8NQ
Rayleigh,RLG,SS6 7HJ
Raynes Park,RAY,SW20 8NE
Reading,RDG,RG1 1LY
Reading West,RDW,RG30 1AS
Rectory Road,REC,N16 7SQ
Redbridge,RDB,SO15 0LR
Redcar British Steel,RBS,TS10 5QW
Redcar Central,RCC,TS10 1ER
Redcar East,RCE,TS10 3PF
Reddish North,RDN,SK5 6PZ
Reddish South,RDS,SK5 6TH
Redditch,RDC,B97 4RB
Redhill,RDH,RH1 1RB
Redland,RDA,BS6 6QP
Redruth,RED,TR15 2AB
Reedham (Norfolk),REE,NR13 3EZ
Reedham (Surrey),RHM,CR8 4DG
Reigate,REI,RH2 0BD
Renton,RTN,G82 4ND
Retford,RET,DN22 7TB
Rhiwbina,RHI,CF14 6EP
Rhoose Cardiff International Airport,RIA,CF62 3DB
Rhosneigr,RHO,LL64 5QZ
Rhyl,RHL,LL18 1AT
Rhymney,RHY,NP22 5LW
Ribblehead,RHD,LA6 3JF
Rice Lane,RIL,L9 3DD
Richmond (London),RMD,TW9 1DL
Rickmansworth,RIC,HA1 1BB
Riddlesdown,RDD,CR8 1HN
Ridgmont,RID,MK43 0XR
Riding Mill,RDM,NE44 6EP
Risca & Pontymister,RCA,NP11 6BB
Rishton,RIS,BB1 4PH
Robertsbridge,RBR,TN32 5DJ
Roby,ROB,L36 4HU
Rochdale,RCD,OL12 8LN
Roche,ROC,PL26 8LG
Rochester,RTR,ME1 1PA
Rochford,RFD,SS4 1AU
Rock Ferry,RFY,CH42 3YB
Rogart,ROG,IV28 3XA
Rogerstone,ROR,NP10 9LG
Rolleston,ROL,NG25 0SG
Roman Bridge,RMB,LL25 0JG
Romford,RMF,RM1 1TU
Romiley,RML,SK6 4BP
Romsey,ROM,SO51 8DU
Roose,ROO,LA13 0ER
Rose Grove,RSG,BB12 6EU
Rose Hill Marple,RSH,SK6 6EE
Rosyth,ROS,KY11 2XW
Rotherham Central,RMC,S60 1QH
Rotherhithe,ROE,SE16 4LF
Roughton Road,RNR,NR27 9LN
Rowlands Castle,RLN,PO9 6BP
Rowley Regis,ROW,B65 0LJ
Roy Bridge,RYB,PH31 4AG
Roydon,RYN,CM19 5EH
Royston,RYS,SG8 5AG
Ruabon,RUA,LL14 6EA
Rufford,RUF,L40 1TB
Rugby,RUG,CV21 3LA
Rugeley Town,RGT,WS15 1BL
Rugeley Trent Valley,RGL,WS15 2HQ
Runcorn,RUN,WA7 5UB
Runcorn East,RUE,WA7 6JU
Ruskington,RKT,NG34 9ED
Ruswarp,RUS,YO21 1YL
Rutherglen,RUT,G73 1DT
Ryde Esplanade,RYD,PO33 2HE
Ryde Pier Head,RYP,PO33 2HF
Ryde St Johns Road,RYR,PO33 2BA
Ryder Brow,RRB,M18 7PT
Rye (Sussex),RYE,TN31 7AB
Rye House,RYH,EN11 0EW
Salford Central,SFD,M3 5ET
Salford Crescent,SLD,M5 4BR
Salfords (Surrey),SAF,RH1 5JL
Salhouse,SAH,NR13 6NZ
Salisbury,SAL,SP2 7RS
Saltaire,SAE,BD18 4PS
Saltash,STS,PL12 4DR
Saltburn,SLB,TS12 1AQ
Saltcoats,SLT,KA21 5JT
Saltmarshe,SAM,DN14 7TW
Salwick,SLW,PR4 0YH
Sampford Courtenay,SMC,EX20 2SN
Sandal & Agbrigg,SNA,WF1 5AF
Sandbach,SDB,CW11 3GD
Sanderstead,SNR,CR2 0YY
Sandhills,SDL,L5 9XJ
Sandhurst (Berks),SND,GU47 9DX
Sandling,SDG,CT21 4HH
Sandown,SAN,PO36 9EU
Sandplace,SDP,PL13 1PJ
Sandwell & Dudley,SAD,B70 7JD
Sandwich,SDW,CT13 9RA
Sandy,SDY,SG19 1AW
Sankey for Penketh,SNK,WA5 3DA
Sanquhar,SQH,DG4 6BS
Sarn,SRR,CF32 9NB
Saundersfoot,SDF,SA69 9BG
Saunderton,SDR,HP14 4HT
Sawbridgeworth,SAW,CM21 9JZ
Saxilby,SXY,LN1 2PX
Saxmundham,SAX,IP17 1BW
Scarborough,SCA,YO11 1TN
Scotscalder,SCT,KW12 6XJ
Scotstounhill,SCH,G13 1UY
Scunthorpe,SCU,DN16 1TL
Sea Mills,SML,BS9 1EA
Seaford (Sussex),SEF,BN25 2AR
Seaforth & Litherland,SFL,L21 3TE
Seaham,SEA,SR7 0AD
Seamer,SEM,YO12 4UB
Seascale,SSC,CA20 1QU
Seaton Carew,SEC,TS25 2AG
Seer Green & Jordans,SRG,HP9 2UR
Selby,SBY,YO8 4NP
Selhurst,SRS,SE25 5EG
Sellafield,SEL,CA20 1RG
Selling,SEG,ME13 9PW
Selly Oak,SLY,B29 6DP
Settle,SET,BD24 9BL
Seven Kings,SVK,IG3 8BG
Seven Sisters,SVS,N15 5DR
Sevenoaks,SEV,TN13 2JA
Severn Beach,SVB,BS35 4QD
Severn Tunnel Junction,STJ,NP26 3UN
Shadwell,SDE,E1 2QF
Shalford (Surrey),SFR,GU4 8BZ
Shanklin,SHN,PO37 7AR
Shawfair,SFI,EH22 1SB
Shawford,SHW,SO21 2BN
Shawlands,SHL,G41 3SW
Sheerness-on-Sea,SSS,ME12 1RJ
Sheffield,SHF,S1 2BP
Shelford (Cambs),SED,CB2 5NE
Shenfield,SNF,CM15 8JE
Shenstone,SEN,WS14 0NW
Shepherd's Bush,SPB,W12 7JD
Shepherds Well,SPH,CT15 7PE
Shepley,SPY,HD8 8DX
Shepperton,SHP,TW17 8DN
Shepreth,STH,SG8 6PZ
Sherborne,SHE,DT9 3NB
Sherburn-in-Elmet,SIE,LS25 6EP
Sheringham,SHM,NR26 8RG
Shettleston,SLS,G32 0PF
Shieldmuir,SDM,ML2 7TQ
Shifnal,SFN,TF11 9AX
Shildon,SHD,DL4 2DQ
Shiplake,SHI,RG9 3NU
Shipley (Yorks),SHY,BD18 2JL
Shippea Hill,SPP,CB7 4SP
Shipton,SIP,OX7 6BH
Shirebrook,SHB,NG20 8SU
Shirehampton,SHH,BS11 9XB
Shireoaks,SRO,S81 8LW
Shirley,SRL,B90 1AB
Shoeburyness,SRY,SS3 9AW
Sholing,SHO,SO19 9RD
Shoreditch High Street,SDC, E1 6GJ
Shoreham (Kent),SEH,TN14 7RT
Shoreham-by-Sea,SSE,BN43 5WX
Shortlands,SRT,BR2 0JA
Shotton,SHT,CH5 1DL
Shotts,SHS,ML7 4BH
Shrewsbury,SHR,SY1 2HR
Sidcup,SID,DA15 7AG
Sileby,SIL,LE12 7NA
Silecroft,SIC,LA18 4NS
Silkstone Common,SLK,S75 3JJ
Silver Street,SLV,N18 2UA
Silverdale,SVR,LA5 0SP
Singer,SIN,G81 2JQ
Sittingbourne,SIT,ME10 3ED
Skegness,SKG,PE25 3QN
Skewen,SKE,SA10 6HB
Skipton,SKI,BD23 2DG
Slade Green,SGR,DA8 2NX
Slaithwaite,SWT,HD7 5EF
Slateford,SLA,EH14 1PZ
Sleaford,SLR,NG34 7RG
Sleights,SLH,YO21 1RU
Slough,SLO,SL2 5BY
Small Heath,SMA,B10 0EW
Smallbrook Junction,SAB,PO33 4BE
Smethwick Galton Bridge,SGB,B66 1HU
Smethwick Rolfe Street,SMR,B66 2AA
Smithy Bridge,SMB,OL15 8QQ
Snaith,SNI,DN14 9HY
Snodland,SDA,ME6 5AR
Snowdown,SWO,CT15 4JL
Sole Street,SOR,DA13 0XY
Solihull,SOL,B91 1LG
Somerleyton,SYT,NR32 5QN
South Acton,SAT,W3 8TR
South Bank,SBK,TS6 6AN
South Bermondsey,SBM,SE16 3JZ
South Croydon,SCY,CR2 7DW
South Elmsall,SES,WF9 2HU
South Greenford,SGN,UB6 8EL
South Gyle,SGL,EH12 7XH
South Hampstead,SOH,NW8 0DR
South Kenton,SOK,HA9 8QS
South Merton,SMO,SW20 9JT
South Milford,SOM,LS25 6AA
South Ruislip,SRU,HA4 6TP
South Tottenham,STO,N15 6UL
South Wigston,SWS,LE18 4XZ
South Woodham Ferrers,SOF,CM3 5NQ
Southall,STL,UB1 3AD
Southampton Airport Parkway,SOA,SO18 2HW
Southampton Central,SOU,SO15 1GP
Southbourne,SOB,PO10 8LW
Southbury,SBU,EN3 4HW
Southease,SEE,BN8 6JS
Southend Airport,SIA,SS2 6YF
Southend Central,SOC,SS1 1AH
Southend East,SOE,SS1 2QY
Southend Victoria,SOV,SS2 6AE
Southminster,SMN,CM0 7EN
Southport,SOP,PR8 1BE
Southwick,SWK,BN42 4DD
Sowerby Bridge,SOW,HX6 3LA
Spalding,SPA,PE11 1EY
Spean Bridge,SBR,PH34 4ER
Spital,SPI,CH63 9NE
Spondon,SPO,DE21 7NE
Spooner Row,SPN,NR18 9JR
Spring Road,SRI,B11 3DP
Springburn,SPR,G21 4TP
Springfield,SPF,KY15 5RT
Squires Gate,SQU,FY8 2SN
St Albans Abbey,SAA,AL1 2PS
St Albans City,SAC,AL1 3TF
St Andrews Road,SAR,BS11 9HP
St Annes-on-Sea,SAS,FY8 2AS
St Austell,SAU,PL25 4LA
St Bees,SBS,CA27 0DN
St Budeaux Ferry Road,SBF,PL5 1YA
St Budeaux Victoria Road,SBV,PL5 1NB
St Columb Road,SCR,TR9 6QP
St Denys,SDN,SO17 2HW
St Erth,SER,TR27 6JL
St Germans,SGM,PL12 5LU
St Helens Central,SNH,WA10 1DG
St Helens Junction,SHJ,WA9 3LA
St Helier (Surrey),SIH,SM4 5NR
St Ives (Cornwall),SIV,TR26 2EQ
St James Park (Exeter),SJP,EX4 6QG
St James Street (Walthamstow),SJS,E17 7PB
St Johns (London),SAJ,SE8 4EW
St Keyne Wishing Well Halt,SKN,PL14 4SH
St Leonards Warrior Square,SLQ,TN38 0AZ
St Margarets (Herts),SMT,SG12 8DS
St Margarets (London),SMG,TW1 1RH
St Mary Cray,SMY,BR5 2NB
St Michaels,STM,L17 7DR
St Neots,SNO,PE19 1QF
Stafford,STA,ST16 2AA
Staines,SNS,TW18 2BZ
Stallingborough,SLL,DN41 8AS
Stalybridge,SYB,SK15 1RH
Stamford (Lincs),SMD,PE9 2JN
Stamford Hill,SMH,N15 6PP
Stanford-le-Hope,SFO,SS17 0JX
Stanlow & Thornton,SNT,CH2 4NW
Stansted Airport,SSD,CM24 1RG
Stansted Mountfitchet,SST,CM24 8BH
Staplehurst,SPU,TN12 0QR
Stapleton Road,SRD,BS5 0LJ
Starbeck,SBE,HG1 4PY
Starcross,SCS,EX6 8NY
Staveley (Cumbria),SVL,LA8 9NB
Stechford,SCF,B33 8AJ
Steeton & Silsden,SON,BD20 6RZ
Stepps,SPS,G33 6HG
Stevenage,SVG,SG1 1XT
Stevenston,STV,KA20 3LB
Stewartby,SWR,MK43 9LY
Stewarton,STT,KA3 5BE
Stirling,STG,FK8 2BY
Stockport,SPT,SK3 9HZ
Stocksfield,SKS,NE43 7NH
Stocksmoor,SSM,HD4 6XN
Stockton,STK,TS18 2AZ
Stoke Mandeville,SKM,HP22 5UH
Stoke Newington,SKW,N16 6YB
Stoke-on-Trent,SOT,ST4 2AB
Stone (Staffs),SNE,ST15 8LH
Stone Crossing,SCG,DA9 9AR
Stonebridge Park,SBP,NW10 0RL
Stonegate,SOG,TN5 7ER
Stonehaven,STN,AB39 2NE
Stonehouse,SHU,GL10 2QF
Stoneleigh,SNL,KT19 0QZ
Stourbridge Junction,SBJ,DY9 0YQ
Stourbridge Town,SBT,DY8 1EX
Stow,SOI,TD1 2SQ
Stowmarket,SMK,IP14 5AS
Stranraer,STR,DG9 8EJ
Stratford (London),SRA,E15 1AZ
Stratford International,SFA,E20 1EL
Stratford-upon-Avon,SAV,CV37 6PL
Stratford-upon-Avon Parkway,STY,CV37 9QY
Strathcarron,STC,IV54 8YR
Strawberry Hill,STW,TW2 5TF
Streatham (Greater London),STE,SW16 6JJ
Streatham Common,SRC,SW16 5TF
Streatham Hill,SRH,SW2 4PA
Streethouse,SHC,WF7 6BY
Strines,SRN,SK22 3AL
Stromeferry,STF,IV53 8UJ
Strood (Kent),SOO,ME2 4BG
Stroud (Gloucs),STD,GL5 3AG
Sturry,STU,CT2 0BH
Styal,SYA,SK9 4JW
Sudbury & Harrow Road,SUD,HA0 2NB
Sudbury (Suffolk),SUY,CO10 2SU
Sudbury Hill Harrow,SDH,HA1 3PJ
Sugar Loaf,SUG,LD5 4RP
Summerston,SUM,G20 0HY
Sunbury,SUU,TW16 6SA
Sunderland,SUN,SR1 3HR
Sundridge Park,SUP,BR1 3TR
Sunningdale,SNG,SL5 0EL
Sunnymeads,SNY,TW19 5HD
Surbiton,SUR,KT6 4PE
Surrey Quays,SQE,SE16 2UF
Sutton (Surrey),SUO,SM1 1JA
Sutton Coldfield,SUT,B73 6AY
Sutton Common,SUC,SM1 3HZ
Sutton Parkway,SPK,NG17 5LG
Swale,SWL,ME9 8SS
Swanley,SAY,BR8 8HP
Swanscombe,SWM,DA10 0LG
Swansea,SWA,SA1 1NU
Swanwick,SNW,SO31 1FQ
Sway,SWY,SO41 6AZ
Swaythling,SWG,SO18 2LB
Swinderby,SWD,LN6 9HY
Swindon (Wilts),SWI,SN1 1DQ
Swineshead,SWE,PE20 3PT
Swinton (Manchester),SNN,M27 6HD
Swinton (South Yorks),SWN,S64 8AS
Sydenham (London),SYD,SE26 4LE
Sydenham Hill,SYH,SE21 7ND
Syon Lane,SYL,TW7 5JG
Syston,SYS,LE7 1NZ
Tackley,TAC,OX5 3AT
Tadworth,TAD,KT20 5SP
Taffs Well,TAF,CF15 7PE
Tain,TAI,IV19 1JA
Talsarnau,TAL,LL47 6UA
Talybont,TLB,LL43 2AR
Tal-y-Cafn,TLC,LL28 5RR
Tame Bridge Parkway,TAB,B71 3NP
Tamworth,TAM,B79 7JT
Taplow,TAP,SL6 0NT
Tattenham Corner,TAT,KT18 5QD
Taunton,TAU,TA1 1QP
Taynuilt,TAY,PA35 1JN
Teddington,TED,TW11 0AZ
Tees-side Airport,TEA,DL2 1NX
Teignmouth,TGM,TQ14 8PG
Telford Central,TFC,TF3 4LZ
Templecombe,TMC,BA8 0JR
Tenby,TEN,SA70 7LZ
Teynham,TEY,ME9 9EA
Thames Ditton,THD,KT7 0PD
Thatcham,THA,RG19 4NU
Thatto Heath,THH,WA9 5NY
The Hawthorns,THW,B71 4LW
The Lakes (Warks),TLK,B94 5SE
Theale,THE,RG7 4AG
Theobalds Grove,TEO,EN8 7BG
Thetford,TTF,IP24 1AS
Thirsk,THI,YO7 4LT
Thornaby,TBY,TS17 6AN
Thorne North,TNN,DN8 4HZ
Thorne South,TNS,DN8 5PA
Thornford,THO,DT9 6HE
Thornliebank,THB,G46 7RJ
Thornton Abbey,TNA,DN39 6UX
Thornton Heath,TTH,CR7 8RX
Thorntonhall,THT,G74 5QA
Thorpe Bay,TPB,SS1 3QH
Thorpe Culvert,TPC,PE24 4NL
Thorpe-le-Soken,TLS,CO16 0HJ
Three Bridges,TBD,RH10 7AZ
Three Oaks,TOK,TN35 4PN
Thurgarton,THU,NG14 7HD
Thurnscoe,THC,S63 0JR
Thurso,THS,KW14 7DL
Thurston,TRS,IP31 3NZ
Tilbury Town,TIL,RM18 7JT
Tile Hill,THL,CV4 8AR
Tilehurst,TLH,RG31 6TQ
Tipton,TIP,DY4 9BP
Tir-Phil,TIR,NP24 6EL
Tisbury,TIS,SP3 6JT
Tiverton Parkway,TVP,EX16 7HD
Todmorden,TOD,OL14 7AP
Tolworth,TOL,KT5 9NX
Ton Pentre,TPN,CF41 7PN
Tonbridge,TON,TN9 1TX
Tondu,TDU,CF34 9HS
Tonfanau,TNF,LL36 9LP
Tonypandy,TNP,CF40 2NP
Tooting,TOO,CR4 2BX
Topsham,TOP,EX3 0DS
Torquay,TQY,TQ2 6NU
Torre,TRR,TQ2 5DD
Totnes,TOT,TQ9 6LS
Tottenham Hale,TOM,N17 9LJ
Totton,TTN,SO40 3AD
Town Green,TWN,L39 6RH
Trafford Park,TRA,M32 0NX
Trefforest,TRF,CF37 1SY
Trefforest Estate,TRE,CF38 1SG
Trehafod,TRH,CF37 2LL
Treherbert,TRB,CF42 5JJ
Treorchy,TRY,CF42 6UE
Trimley,TRM,IP11 0UB
Tring,TRI,HP23 5QP
Troed-y-rhiw,TRD,CF48 4DY
Troon,TRN,KA10 6JY
Trowbridge,TRO,BA14 8HW
Truro,TRU,TR1 3HH
Tulloch,TUL,PH31 4AR
Tulse Hill,TUH,SE27 9BW
Tunbridge Wells,TBW,TN1 1GE
Turkey Street,TUR,EN1 4QG
Tutbury & Hatton,TUT,DE65 5DY
Tweedbank,TWB,TD1 3SP
Twickenham,TWI,TW1 3JB
Twyford,TWY,RG10 9NA
Ty Croes,TYC,LL63 5HX
Ty Glas,TGS,CF14 5DL
Tygwyn,TYG,LL47 6TF
Tyndrum Lower,TYL,FK20 8RZ
Tyseley,TYS,B11 2HH
Tywyn,TYW,LL36 9EY
Uckfield,UCK,TN22 5AA
Uddingston,UDD,G71 7LR
Ulceby,ULC,DN39 6TY
Ulleskelf,ULL,LS24 9UH
Ulverston,ULV,LA12 0DP
Umberleigh,UMB,EX37 9AA
University (Birmingham),UNI,B15 2SG
Uphall,UHA,EH54 5QE
Upholland,UPL,WN8 9QB
Upminster,UPM,RM14 2TH
Upper Halliford,UPH,TW17 8RL
Upper Holloway,UHL,N19 4DL
Upper Tyndrum,UTY,FK20 8RQ
Upper Warlingham,UWL,CR3 0EP
Upton (Merseyside),UPT,CH43 9RY
Upwey,UPW,DT3 5RB
Urmston,URM,M41 9SG
Uttoxeter,UTT,ST14 8AX
Valley,VAL,LL65 2BT
Vauxhall,VXH,SW8 1SS
Virginia Water,VIR,GU25 4BE
Waddon,WDO,CR0 4UP
Wadhurst,WAD,TN5 6RZ
Wainfleet,WFL,PE24 4LJ
Wakefield Kirkgate,WKK,WF1 4EL
Wakefield Westgate,WKF,WF1 2TD
Walkden,WKD,M28 3DY
Wallasey Grove Road,WLG,CH45 8JY
Wallasey Village,WLV,CH45 8PZ
Wallington,WLT,SM6 0DY
Wallyford,WAF,EH21 8AA
Walmer,WAM,CT14 7RN
Walsall,WSL,WS1 1NH
Walsden,WDN,OL14 6RR
Waltham Cross,WLC,EN8 7LU
Walthamstow Central,WHC,E17 7LS
Walthamstow Queen's Road,WMW,E17 7QJ
Walton (Merseyside),WAO,L9 1EX
Walton-on-Thames,WAL,KT12 1NR
Walton-on-the-Naze,WON,CO14 8DH
Wanborough,WAN,GU3 2EX
Wandsworth Common,WSW,SW12 8PB
Wandsworth Road,WWR,SW8 4PA
Wandsworth Town,WNT,SW18 1SU
Wanstead Park,WNP,E7 0HX
Wapping,WPE,E1W 3PA
Warblington,WBL,PO9 2QH
Ware (Herts),WAR,SG12 9UT
Wareham (Dorset),WRM,BH20 4BG
Wargrave,WGV,RG10 8EX
Warminster,WMN,BA12 9BP
Warnham,WNH,RH12 3SR
Warrington Bank Quay,WBQ,WA1 1LS
Warrington Central,WAC,WA1 2AE
Warwick,WRW,CV34 4LA
Warwick Parkway,WRP,CV35 8QN
Water Orton,WTO,B46 1NG
Waterbeach,WBC,CB5 9PP
Wateringbury,WTR,ME18 5EA
Waterloo (Merseyside),WLO,L22 0LY
Watford High Street,WFH,WD17 2NU
Watford Junction,WFJ,WD17 1EU
Watford North,WFN,WD2 4QN
Watlington,WTG,PE33 0TQ
Watton-at-Stone,WAS,SG14 3HF
Waun-Gron Park,WNG,CF5 2BN
Wavertree Technology Park,WAV,L15 4PW
Wedgwood,WED,ST12 9ER
Weeley,WEE,CO16 9HY
Weeton,WET,LS17 0EQ
Welham Green,WMG,AL9 7HF
Welling,WLI,DA16 3JA
Wellingborough,WEL,NN8 1NQ
Wellington (Shropshire),WLN,TF1 1BY
Welshpool,WLP,SY21 7AY
Welwyn Garden City,WGC,AL8 6BE
Welwyn North,WLW,AL6 0EA
Wem,WEM,SY4 5AZ
Wembley Central,WMB,HA9 7AJ
Wembley Stadium,WCX,HA9 6NY
Wemyss Bay,WMS,PA18 6AR
Wendover,WND,HP22 6BT
Wennington,WNN,LA2 8PB
West Allerton,WSA,L19 7NL
West Brompton,WBP,SW6 1RT
West Byfleet,WBY,KT14 6PA
West Calder,WCL,EH55 8BQ
West Croydon,WCY,CR0 2RD
West Drayton,WDT,UB7 9DZ
West Dulwich,WDU,SE21 8HN
West Ealing,WEA,W13 0LJ
West Ham,WEH,E15 3BW
West Hampstead,WHD,NW6 2LJ
West Hampstead Thameslink,WHP,NW6 1PF
West Horndon,WHR,CM13 3TL
West Kilbride,WKB,KA23 9DD
West Kirby,WKI,CH48 4DZ
West Malling,WMA,ME19 6HJ
West Norwood,WNW,SE27 0DW
West Ruislip,WRU,HA4 7DP
West Runton,WRN,NR27 9QJ
West St Leonards,WLD,TN38 0AB
West Sutton,WSU,SM1 2HJ
West Wickham,WWI,BR4 0EH
West Worthing,WWO,BN11 4SR
Westbury (Wilts),WSB,BA13 4HP
Westcliff,WCF,SS0 7SB
Westcombe Park,WCB,SE3 7EQ
Westenhanger,WHA,TN25 6DE
Wester Hailes,WTA,EH14 3HR
Westerfield,WFI,IP6 9AE
Westerton,WES,G61 1PB
Westgate-on-Sea,WGA,CT8 8RA
Westhoughton,WHG,BL5 3QT
Weston Milton,WNM,BS22 8PF
Weston-super-Mare,WSM,BS23 1YB
Wetheral,WRL,CA4 8JP
Weybridge,WYB,KT13 8UF
Weymouth,WEY,DT4 7BN
Whaley Bridge,WBR,SK23 7AF
Whalley (Lancs),WHE,BB7 9RT
Whatstandwell,WTS,DE4 5EE
Whifflet,WFF,ML5 4EE
Whimple,WHM,EX5 2QJ
Whinhill,WNL,PA15 3LA
Whiston,WHN,L35 3TY
Whitby,WTB,YO21 1YN
Whitchurch (Cardiff),WHT,CF14 1BP
Whitchurch (Hants),WCH,RG28 7BZ
Whitchurch (Shropshire),WTC,SY13 1RL
White Hart Lane,WHL,N17 8HH
White Notley,WNY,CM8 1RP
Whitechapel,ZLW,E1 1BY
Whitecraigs,WCR,G46 6SA
Whitehaven,WTH,CA28 6AX
Whitland,WTL,SA34 0AP
Whitley Bridge,WBD,DN14 0HH
Whitlocks End,WTE,B90 1EA
Whitstable,WHI,CT5 1QS
Whittlesea,WLE,PE7 2EU
Whittlesford Parkway,WLF,CB2 4PL
Whitton (London),WTN,TW2 7JX
Whitwell (Derbyshire),WWL,S80 4TA
Whyteleafe,WHY,CR3 0AD
Whyteleafe South,WHS,CR3 0BF
Wick,WCK,KW1 5LB
Wickford,WIC,SS11 7AT
Wickham Market,WCM,IP13 0PR
Widdrington,WDD,NE61 5QH
Widnes,WID,WA8 7TL
Widney Manor,WMR,B91 3JW
Wigan North Western,WGN,WN3 4HU
Wigan Wallgate,WGW,WN1 1LP
Wigton,WGT,CA7 9BA
Wildmill,WMI,CF31 1YY
Willesden Junction,WIJ,NW10 4RA
Williamwood,WLM,G76 7NP
Willington,WIL,DE65 6BP
Wilmcote,WMC,CV37 9UQ
Wilmslow,WML,SK9 1BB
Wilnecote (Staffs),WNE,B77 5AY
Wimbledon,WIM,SW19 7NL
Wimbledon Chase,WBO,SW20 8JT
Winchelsea,WSE,TN36 4JX
Winchester,WIN,SO22 6RF
Winchfield,WNF,RG27 8BX
Winchmore Hill,WIH,N21 1BS
Windermere,WDM,LA23 1QA
Windsor & Eton Central,WNC,SL4 1PJ
Windsor & Eton Riverside,WNR,SL4 1NA
Winnersh,WNS,RG41 5NA
Winnersh Triangle,WTI,RG41 5TQ
Winsford,WSF,CW7 3PB
Wishaw,WSH,ML2 0EX
Witham,WTM,CM8 2DW
Witley,WTY,GU8 5TD
Witton (West Midlands),WTT,B6 6QU
Wivelsfield,WVF,RH15 0PX
Wivenhoe,WIV,CO7 9DJ
Woburn Sands,WOB,MK17 8SG
Woking,WOK,GU22 7AE
Wokingham,WKM,RG40 2AP
Woldingham,WOH,CR3 7LQ
Wolverhampton,WVH,WV1 1LE
Wolverton,WOL,MK12 5TR
Wombwell,WOM,S73 0LU
Wood End,WDE,B94 5ED
Wood Street,WST,E17 3LX
Woodbridge,WDB,IP12 4AJ
Woodgrange Park,WGR,E12 6UL
Woodhall,WDL,PA14 6QX
Woodhouse,WDH,S13 9WQ
Woodlesford,WDS,LS26 8RA
Woodley,WLY,SK6 1NT
Woodmansterne,WME,CR5 3HS
Woodsmoor,WSR,SK2 7DN
Wool,WOO,BH20 6BL
Woolston,WLS,SO19 7DD
Woolwich Arsenal,WWA,SE18 6AR
Woolwich Dockyard,WWD,SE18 5JY
Wootton Wawen,WWW,B95 6BG
Worcester Foregate Street,WOF,WR1 1XX
Worcester Park,WCP,KT4 7NB
Worcester Shrub Hill,WOS,WR4 9EJ
Workington,WKG,CA14 2XF
Worksop,WRK,S81 7AG
Worle,WOR,BS22 6BW
Worplesdon,WPL,GU22 0SP
Worstead,WRT,NR28 9RY
Worthing,WRH,BN11 1UR
Wrabness,WRB,CO11 2TJ
Wraysbury,WRY,TW19 5NJ
Wrenbury,WRE,CW5 8EX
Wressle,WRS,YO8 6ER
Wrexham Central,WXC,LL11 1SP
Wrexham General,WRX,LL11 2AA
Wye,WYE,TN25 5HB
Wylam,WYM,NE41 8HR
Wylde Green,WYL,B73 5NX
Wymondham,WMD,NR18 0JZ
Wythall,WYT,B47 6HE
Yalding,YAL,ME18 6HN
Yardley Wood,YRD,B28 0RX
Yarm,YRM,TS15 9EQ
Yate,YAE,BS37 5HZ
Yatton,YAT,BS49 4BD
Yeoford,YEO,EX17 5JB
Yeovil Junction,YVJ,BA22 9UU
Yeovil Pen Mill,YVP,BA21 5DD
Yetminster,YET,DT9 6NE
Ynyswen,YNW,CF42 6EF
Yoker,YOK,G81 1JQ
York,YRK,YO24 1AB
Yorton,YRT,SY4 3EP
Ystrad Mynach,YSM,CF82 7BQ
Ystrad Rhondda,YSR,CF41 7RE